country,prov_name,iso_alpha3,data_year,total_precipitation,spei_index,drought_status,year,spei_Eastern Cape,spei_Free State,spei_Gauteng,spei_KwaZulu-Natal,spei_Limpopo,spei_Mpumalanga,spei_North West,spei_Northern Cape,spei_Western Cape,Total precipitation_Eastern Cape,tot_preci_FreeState,tot_preci_GP,Total precipitation_KwaZulu-Natal,Total precipitation_Limpopo,Total precipitation_Mpumalanga,Total precipitation_North West,Total precipitation_Northern Cape,Total precipitation_Western Cape,gwsa_Eastern Cape,gwsa_Free State,gwsa_Gauteng,gwsa_KwaZulu-Natal,gwsa_Limpopo,gwsa_Mpumalanga,gwsa_North West,gwsa_Northern Cape,gwsa_Western Cape,spei_status_Eastern Cape,spei_status_Free State,spei_status_GP,spei_status_KwaZulu-Natal,spei_status_Limpopo,spei_status_Mpumalanga,spei_status_North West,spei_status_Northern Cape,spei_status_Western Cape
South Africa,Eastern Cape,ZAR,01/06/19,6.051971925,-0.14876176,moderately wet,01/04/02,-1.12,-1.24,-1.14,-1.38,-1.45,-1.12,-1.19,-0.85,-1.16,54.61,34.5,28.13,64.3,20.18,38.93,21.79,19.11,31.27,-1.88,-1.66,1.76,0.49,5.36,2.73,-0.72,-0.47,0.9,Moderate drought,Moderate drought,Moderate drought,Moderate drought,Moderate drought,Moderate drought,Moderate drought,Near normal,Moderate drought
South Africa,Eastern Cape,ZAR,01/07/19,7.693376155,-1.2182086,moderately wet,01/05/02,-0.37,-0.61,-1.09,-1.1,-1.42,-1.27,-0.77,-0.22,-0.13,37.61,51.62,27.94,19.89,5.82,9.05,34.39,27.47,51.9,-0.66,-1.7,1.93,1.3,4.57,2.86,-0.58,-1.03,0.83,Near normal,Near normal,Moderate drought,Moderate drought,Moderate drought,Moderate drought,Near normal,Near normal,Near normal
South Africa,Eastern Cape,ZAR,01/08/19,6.70594821,-2.1339202,moderately wet,01/06/02,0.16,0.21,-0.09,-0.22,-0.52,-1.01,-0.12,0.14,0.21,22.29,17.58,27.37,31.16,17.4,15.46,15.33,15.05,29.62,1.18,-4.63,-2.33,2.29,1.15,0.87,-4.29,-1.55,0.25,Near normal,Near normal,Near normal,Near normal,Near normal,Moderate drought,Near normal,Near normal,Near normal
South Africa,Eastern Cape,ZAR,01/09/19,25.06583205,-1.8710113,moderately wet,01/07/02,1.25,1.14,0.94,1.43,-0.36,-0.33,1.03,1.11,0.97,38.91,5.76,0.52,104.9,9.14,18.22,0.76,5.95,49.48,0.41,-3.44,-1.5,0.79,0.61,0.94,-3.33,-0.38,-0.39,Moderately wet,Moderately wet,Near normal,Moderately wet,Near normal,Near normal,Moderately wet,Moderately wet,Near normal
South Africa,Eastern Cape,ZAR,01/10/19,21.48753867,-2.379693,moderately wet,01/08/02,1.84,1.74,1.02,1.72,-0.67,-0.12,1.3,1.11,0.74,89.6,98.94,33.14,63.74,8.96,23.47,63.8,28.69,44.16,-3.63,1.71,8.66,0.34,9.7,10.01,1.45,-0.77,-2.96,Very wet,Very wet,Moderately wet,Very wet,Near normal,Near normal,Moderately wet,Moderately wet,Near normal
South Africa,Eastern Cape,ZAR,01/11/19,37.17094288,-2.5260303,moderately wet,01/09/02,1.92,1.37,0.27,1.34,-0.73,-0.1,0.93,0.58,0.81,73.2,32.33,14.39,47.71,19.51,28.85,8.63,6.73,34.94,-7.7,-5.17,0.95,-2.88,2.73,3.52,-2.22,-0.47,-1.36,Very wet,Moderately wet,Near normal,Moderately wet,Near normal,Near normal,Near normal,Near normal,Near normal
South Africa,Eastern Cape,ZAR,01/12/19,69.84951298,-2.099648,moderately wet,01/10/02,1.1,0.64,-0.15,-0.32,-0.43,-0.19,0.41,-0.16,0.07,23.97,35.7,50.78,67.39,33.46,58.25,41.52,7.8,14.69,-6.4,-2.85,2.17,-1.19,3.1,4.15,-0.67,0.95,0.26,Moderately wet,Near normal,Near normal,Near normal,Near normal,Near normal,Near normal,Near normal,Near normal
South Africa,Eastern Cape,ZAR,01/01/20,116.8120753,-0.91424626,moderately wet,01/11/02,-0.48,-1.13,-1.62,-1.5,-1.26,-1.36,-0.75,-0.62,-0.33,44.28,29.04,31.08,64.16,19.62,47.87,21.67,18.21,15.12,-3.67,-1.46,2.71,-0.16,4.75,4.22,0.05,0.35,0.57,Near normal,Moderate drought,Severe drought,Severe drought,Moderate drought,Moderate drought,Near normal,Near normal,Near normal
South Africa,Eastern Cape,ZAR,01/02/20,138.5111136,0.20412557,moderately wet,01/12/02,-0.91,-0.39,-1.27,-1.39,-1.48,-1.31,-0.32,0.03,0.05,100.01,155.56,159.59,126.48,54.76,136.89,96.39,54.27,47.42,-0.5,-1.87,2.31,0.77,5.45,4.86,-1.59,-1.95,0.21,Near normal,Near normal,Moderate drought,Moderate drought,Moderate drought,Moderate drought,Near normal,Near normal,Near normal
South Africa,Eastern Cape,ZAR,01/03/20,94.33106532,0.57489157,moderately wet,01/01/03,-0.63,-0.38,-1.29,-1.39,-1.58,-1.69,-0.48,-0.25,0.18,60.57,89.07,119.15,122.57,65.24,120.17,66.28,11.53,16.35,-0.72,-4.92,-1.99,-3.35,2.7,0.34,-4.33,-1.75,-0.08,Near normal,Near normal,Moderate drought,Moderate drought,Severe drought,Severe drought,Near normal,Near normal,Near normal
South Africa,Eastern Cape,ZAR,01/04/20,75.71577825,0.45259967,moderately wet,01/02/03,-0.65,-0.06,-0.42,-1.07,-1.26,-1.19,-0.1,-0.53,-0.3,79.14,92.36,106.8,125.11,66.99,104.82,85.59,38.55,15.59,0.42,-4.02,-0.62,0.43,5.49,3.65,-4.2,-2.29,0.51,Near normal,Near normal,Near normal,Moderate drought,Moderate drought,Moderate drought,Near normal,Near normal,Near normal
South Africa,Eastern Cape,ZAR,01/05/20,5.172528237,0.028899845,moderately wet,01/03/03,-0.5,-0.51,-0.83,-1.48,-1.32,-1.7,-0.64,-0.88,0.58,97.37,84.07,32.41,66.52,41.4,45.13,36.25,23.52,82.09,0.24,-2.69,1.18,3.24,7.28,6.61,-1.33,-0.83,-0.14,Near normal,Near normal,Near normal,Moderate drought,Moderate drought,Severe drought,Near normal,Near normal,Near normal
South Africa,Eastern Cape,ZAR,01/06/20,2.5752556,-0.39745218,near normal,01/04/03,-0.43,-0.7,-1.36,-1.31,-1.55,-1.8,-1.02,-1.05,0.15,47.55,23.22,10.45,42.22,5.97,16.69,14.98,18.44,21.14,-1.93,-2.73,2.99,5.08,7.34,7.81,-0.19,-1.05,-2.11,Near normal,Near normal,Moderate drought,Moderate drought,Severe drought,Severe drought,Moderate drought,Moderate drought,Near normal
South Africa,Eastern Cape,ZAR,01/07/20,3.954585036,-1.3551016,near normal,01/05/03,0.11,-0.78,-1.65,-1.09,-1.68,-1.93,-1.5,-1.13,0.29,46.85,15.93,1.74,40.88,4.35,12.94,4.18,12.18,42.34,-1.72,-1.14,4.25,5.12,6.93,7.05,1.53,-0.27,-2.48,Near normal,Near normal,Severe drought,Moderate drought,Severe drought,Severe drought,Moderate drought,Moderate drought,Near normal
South Africa,Eastern Cape,ZAR,01/08/20,12.80950015,-0.80810034,near normal,01/06/03,-0.21,-1.28,-1.72,-0.44,-1.44,-1.15,-1.56,-1.44,-0.8,10.9,4.63,13.75,34.33,23.4,16.71,5.85,0.18,6.74,1.06,0.43,4.6,7.21,4.89,7,2.93,2.29,0.89,Near normal,Moderate drought,Severe drought,Near normal,Moderate drought,Moderate drought,Severe drought,Moderate drought,Near normal
Botswana,Free State,BOT,01/06/19,0.600599328,0.50992703,near normal,01/07/03,-0.1,-0.78,-0.93,-0.03,-0.27,-0.31,-0.88,-1.17,-0.85,5.93,0.44,1.89,9.91,1.66,3.42,0.29,0.77,13.21,2.56,0.98,5.42,6.6,6.34,6.64,2.94,2.1,1.83,Near normal,Near normal,Near normal,Near normal,Near normal,Near normal,Near normal,Moderate drought,Near normal
Botswana,Free State,BOT,01/07/19,0.924510113,-2.1442337,near normal,01/08/03,-0.5,-0.3,0.12,0.04,0.14,0.09,-0.26,-0.12,-0.57,29.99,13.58,5.26,24.96,0.63,6.5,2.96,16.74,57.84,2.79,-0.41,2.01,7.46,5.47,6.1,1.46,2.04,1.75,Near normal,Near normal,Near normal,Near normal,Near normal,Near normal,Near normal,Near normal,Near normal
Botswana,Free State,BOT,01/08/19,1.685584453,-3.0327706,severe,01/09/03,-0.34,-0.14,-0.5,-0.29,-0.59,-0.52,-0.39,0.52,0.02,35.73,18.38,7.53,49.8,10.42,29.54,5.37,14.18,22.69,1.48,0.27,3.44,6.24,4.6,5.64,0.95,1.02,1.3,Near normal,Near normal,Near normal,Near normal,Near normal,Near normal,Near normal,Near normal,Near normal
Botswana,Free State,BOT,01/09/19,3.180085153,-3.3613524,severe,01/10/03,-0.45,-0.92,-0.74,-1.47,-0.65,-1.18,-0.52,0.61,0.55,49.15,26.28,63.8,36.31,59.91,58.39,44.87,18.59,28.37,-0.35,-0.22,1.1,2.67,3.39,3.6,-0.02,0.74,1.46,Near normal,Near normal,Near normal,Moderate drought,Near normal,Moderate drought,Near normal,Near normal,Near normal
Botswana,Free State,BOT,01/10/19,3.950362653,-2.8242617,extreme,01/11/03,-1.1,-0.86,-1.17,-1.48,-1.23,-1.28,-0.32,-0.13,-0.66,74.42,96.73,107.21,139.46,51.7,116.21,84.77,37.64,16.16,-1.16,-1.69,-0.58,-2.54,2.13,1.07,-1.51,0.01,1.11,Moderate drought,Near normal,Moderate drought,Moderate drought,Moderate drought,Moderate drought,Near normal,Near normal,Near normal
Botswana,Free State,BOT,01/11/19,42.16653559,-2.6125424,extreme,01/12/03,-1.09,-1.39,-1.64,-2.05,-1.43,-1.88,-1.01,-0.59,-0.53,55.89,68.05,73.56,91.95,65.77,89.23,49.86,8.76,19.41,1.92,-0.18,-0.01,1.12,3.64,2.74,-0.16,1.06,1.78,Moderate drought,Moderate drought,Severe drought,Extreme drought,Moderate drought,Severe drought,Moderate drought,Near normal,Near normal
Botswana,Free State,BOT,01/12/19,114.837931,-1.7932063,extreme,01/01/04,-0.34,-0.76,-1.27,-0.64,-0.98,-1.05,-0.6,0.08,-0.36,121.48,113.14,130.87,168.89,95.63,165.27,89.72,70.63,29.3,1.98,-0.56,0.14,2,1.49,1.58,-1.16,-0.13,1.94,Near normal,Near normal,Moderate drought,Near normal,Near normal,Moderate drought,Near normal,Near normal,Near normal
Botswana,Free State,BOT,01/01/20,89.46277223,-0.9565832,extreme,01/02/04,0.2,-0.64,0.05,0,0.01,0.06,-0.37,0.04,0.08,99.82,92.5,143.42,177.98,99.7,173.41,85.08,35.36,29.17,-0.18,-1.3,-0.11,-0.46,2.64,0.6,-0.34,-0.4,2.16,Near normal,Near normal,Near normal,Near normal,Near normal,Near normal,Near normal,Near normal,Near normal
Botswana,Free State,BOT,01/02/20,118.8214957,0.010876956,extreme,01/03/04,0.52,0.25,1.06,0.66,1.06,1.01,0.3,0.19,0.19,85.12,105.39,140.38,119.57,94.04,132.39,119.59,33.2,18.77,-2.55,-1.17,-3.17,-3.12,0.34,0.47,-0.22,-1.09,0.02,Near normal,Near normal,Moderately wet,Near normal,Moderately wet,Moderately wet,Near normal,Near normal,Near normal
Botswana,Free State,BOT,01/03/20,81.08354728,0.001498911,extreme,01/04/04,0.21,0.33,1.18,0.21,1.31,1,0.28,0.04,0.48,59.97,43.57,22.97,27.78,27.3,41.58,40.93,55.63,59.72,-3.72,-3.31,-1.44,-1.32,-2.81,-2.75,-0.78,-2.48,-1.71,Near normal,Near normal,Moderately wet,Near normal,Moderately wet,Near normal,Near normal,Near normal,Near normal
Botswana,Free State,BOT,01/04/20,89.6803592,0.59302557,extreme,01/05/04,-0.12,0.03,0.42,-0.68,1.39,0.28,-0.12,-0.36,-0.34,5.42,2.3,6.63,12.43,3.6,7.45,4.65,0.99,5.75,-1.38,-1.77,0.42,2.32,0.04,0.14,0.1,-1.06,-0.23,Near normal,Near normal,Near normal,Near normal,Moderately wet,Near normal,Near normal,Near normal,Near normal
Botswana,Free State,BOT,01/05/20,0.248818955,0.2824554,extreme,01/06/04,-0.47,-0.76,-0.77,-1.37,-0.5,-0.83,-0.73,-0.53,-0.21,20.9,11.24,10.84,10.43,2.99,9.47,4.18,9.03,44.58,-0.58,-2.9,-0.31,2.78,-2.52,-0.46,-0.72,-0.66,-0.21,Near normal,Near normal,Near normal,Moderate drought,Near normal,Near normal,Near normal,Near normal,Near normal
Botswana,Free State,BOT,01/06/20,6.069314661,0.092507266,extreme,01/07/04,-0.42,-0.84,-0.34,0.6,-0.31,0.38,-1.13,-1.56,-0.82,29.42,9.75,11.61,61.17,15.91,39.14,3.54,3.82,26.34,0.68,-1.49,0.68,2.74,-1.34,0.6,0.74,1.31,1.66,Near normal,Near normal,Near normal,Near normal,Near normal,Near normal,Moderate drought,Severe drought,Near normal
Botswana,Free State,BOT,01/07/20,1.450736826,-1.3558751,moderate ,01/08/04,-0.18,-0.29,-0.13,0.55,-0.45,0.24,-0.85,-0.87,-0.14,25.44,18.55,14.26,27.1,10.44,14.51,7.53,4.48,30.96,0.95,-1.26,-0.19,2.56,-1.48,0.2,0.01,0.35,0.83,Near normal,Near normal,Near normal,Near normal,Near normal,Near normal,Near normal,Near normal,Near normal
Botswana,Free State,BOT,01/08/20,2.564048927,-0.826298,near normal,01/09/04,1.02,0.45,-0.3,0.69,-0.35,-0.07,-0.11,0.09,-0.37,88.58,37.44,3.91,63.96,4.31,19.32,8.62,21.95,21.95,-0.6,-0.78,0.35,0.85,-1.79,-0.2,-0.14,-0.04,1.44,Moderately wet,Near normal,Near normal,Near normal,Near normal,Near normal,Near normal,Near normal,Near normal
South Africa,Gauteng,ZAR,01/06/19,0.051719311,0.6994316,near normal,01/10/04,0.28,-0.39,-1.22,-0.81,-0.92,-1.07,-0.62,0.08,0.2,42.73,47.05,43.26,61.97,23.85,48.82,38.69,26.88,54.98,-3.72,-0.98,-0.24,1.37,-2.5,-0.39,0.08,0.75,2.17,Near normal,Near normal,Moderate drought,Near normal,Near normal,Moderate drought,Near normal,Near normal,Near normal
South Africa,Gauteng,ZAR,01/07/19,0.035239762,-2.6057878,near normal,01/11/04,-0.23,-1.03,-1.53,-0.49,-1.59,-0.95,-1.35,-0.9,-0.46,55.99,40.52,77.96,116.04,37.92,114.48,28.13,6.38,7.1,-0.57,1.09,1.01,1.36,-0.77,-0.81,1.59,-0.05,2.61,Near normal,Moderate drought,Severe drought,Near normal,Severe drought,Near normal,Moderate drought,Near normal,Near normal
South Africa,Gauteng,ZAR,01/08/19,0.277010386,-4.478447,severe,01/12/04,-0.8,-1.29,-1.18,-0.79,-1.46,-1.11,-1,-1.45,-0.1,124.68,127.81,164.05,122.12,107.74,159.31,109.15,27.95,36.04,-1.4,-2.13,-2.94,-3.56,-1.68,-4.53,-1.13,0.7,2.73,Near normal,Moderate drought,Moderate drought,Near normal,Moderate drought,Moderate drought,Moderate drought,Moderate drought,Near normal
South Africa,Gauteng,ZAR,01/09/19,6.970735732,-4.4025235,severe,01/01/05,0.01,-0.34,-0.13,0.14,-1.33,-0.55,-0.25,-1.33,-0.76,123.83,163.95,160.27,200.02,85.17,169.01,108.59,50.46,29.89,-3.19,-4.44,-6.9,-6.47,0.16,-5.5,-3.78,-0.45,1.17,Near normal,Near normal,Near normal,Near normal,Moderate drought,Near normal,Near normal,Moderate drought,Near normal
South Africa,Gauteng,ZAR,01/10/19,13.77355663,-2.7157679,extreme,01/02/05,0.56,0.21,0.08,0.18,-0.96,-0.54,0.01,-0.59,-0.07,95.67,85.61,70.21,157.46,38.76,85.15,54.11,38.49,22.02,-2.68,-3.79,-3.55,-4.45,3.47,-2.83,-2.1,-1.16,0.23,Near normal,Near normal,Near normal,Near normal,Near normal,Near normal,Near normal,Near normal,Near normal
South Africa,Gauteng,ZAR,01/11/19,138.939012,-2.0248716,extreme,01/03/05,0.08,0.25,-0.1,0.53,-1.1,-0.26,-0.13,-0.3,-0.46,82.62,88.16,71.65,173.43,47.05,93.48,76.29,38.85,22.83,-2.87,-4.56,-4.5,-6.71,2.69,-3.26,-1.62,-0.51,0.98,Near normal,Near normal,Near normal,Near normal,Moderate drought,Near normal,Near normal,Near normal,Near normal
South Africa,Gauteng,ZAR,01/12/19,180.6724063,-0.9845513,moderately wet,01/04/05,-0.19,-0.1,-0.31,0.01,-0.85,-0.5,-0.09,0,0.32,52.91,65.22,76.66,40.3,41.73,66.08,74.27,50.75,66.36,-1.82,-3.98,-2.96,-3.06,4.03,-0.83,-2.04,-1.68,-1.6,Near normal,Near normal,Near normal,Near normal,Near normal,Near normal,Near normal,Near normal,Near normal
South Africa,Gauteng,ZAR,01/01/20,117.3738564,0.114896655,moderately wet,01/05/05,-0.04,-0.05,0.01,-0.1,-0.84,-0.47,0.22,0.41,0.54,46.98,23.72,3.48,12.47,3.55,6.57,7.91,27.07,36.08,-0.81,-2.85,-2.18,-0.54,3.25,-0.62,-0.99,-0.95,-2.05,Near normal,Near normal,Near normal,Near normal,Near normal,Near normal,Near normal,Near normal,Near normal
South Africa,Gauteng,ZAR,01/02/20,75.71518939,0.33006856,moderately wet,01/06/05,0.08,-0.12,-0.23,-1.12,-1.05,-1.05,0.16,0.6,0.7,13.03,13.05,1.57,21.74,2.67,4.97,2.6,6.98,36.3,0.99,-2.66,-2.18,0.27,1.94,-1.26,-1.09,-0.33,-0.5,Near normal,Near normal,Near normal,Moderate drought,Moderate drought,Moderate drought,Near normal,Near normal,Near normal
South Africa,Gauteng,ZAR,01/03/20,67.42552856,-0.36106881,moderately wet,01/07/05,-0.63,-0.65,-1.8,-1.07,-2.15,-1.96,-1.48,-0.31,-0.78,3.41,0.63,0.18,5.62,2.07,2.43,0.14,0.83,15.97,0.78,-2.61,-1.51,2.25,1.39,-0.05,-1.1,0.72,-1.49,Near normal,Near normal,Severe drought,Moderate drought,Extreme drought,Severe drought,Moderate drought,Near normal,Near normal
South Africa,Gauteng,ZAR,01/04/20,94.01158505,0.23238313,moderately wet,01/08/05,-0.69,-0.9,-3.49,-0.71,-3.05,-2.86,-2.62,-0.94,-0.87,37.96,35.22,20.34,29.92,4.05,23.51,7.09,8.79,40.03,2.76,-1.84,-3.24,3.77,1.2,0.51,-1.17,0.23,0.56,Near normal,Near normal,Extreme drought,Near normal,Extreme drought,Extreme drought,Extreme drought,Near normal,Near normal
South Africa,Gauteng,ZAR,01/05/20,0.036624487,0.36445516,moderately wet,01/09/05,-1.17,-1.57,-3.77,-1.17,-2.64,-2.63,-2.32,-1.38,-1.21,22.69,9.88,4.23,35.6,2.66,11.17,2.32,1.54,15.68,-0.35,-1.69,-1.67,1.76,1.36,0.21,-1.15,0.16,-0.93,Moderate drought,Severe drought,Extreme drought,Moderate drought,Extreme drought,Extreme drought,Extreme drought,Moderate drought,Moderate drought
South Africa,Gauteng,ZAR,01/06/20,8.549884195,0.6204527,moderately wet,01/10/05,-1.03,-0.84,-2.11,-1.02,-2.33,-2.35,-1.58,-0.47,-0.81,51.92,67.52,23.12,86.11,7.3,44.09,16.64,19.73,19.18,2.39,-0.17,-1.32,2.72,1.82,0.53,0.15,1.1,1.69,Moderate drought,Near normal,Extreme drought,Moderate drought,Extreme drought,Extreme drought,Severe drought,Near normal,Near normal
South Africa,Gauteng,ZAR,01/07/20,0.247161923,-0.97810125,moderately wet,01/11/05,-0.08,-0.44,-1.36,-0.48,-1.7,-1.26,-1.08,-0.43,-0.56,125.57,80.02,129.32,153.89,67.29,137.62,65.61,32.5,43.62,2.6,-0.21,-1.83,-1.67,-0.33,-1.4,0.6,1.34,3.39,Near normal,Near normal,Moderate drought,Near normal,Severe drought,Moderate drought,Moderate drought,Near normal,Near normal
South Africa,Gauteng,ZAR,01/08/20,1.62910138,-0.50580233,moderately wet,01/12/05,-0.21,-0.71,-1.49,-0.8,-1.15,-1.01,-0.92,-0.21,-0.52,31.38,41.96,86.75,72.37,88.19,116.43,55.66,13.68,4.27,1,0.04,-1.64,-0.96,0.78,-0.46,0.4,-0.21,1.34,Near normal,Near normal,Moderate drought,Near normal,Moderate drought,Moderate drought,Near normal,Near normal,Near normal
Namibia,KwaZulu-Natal,NAM,01/06/19,8.610276336,0.47273737,moderately wet,01/01/06,0.79,0.68,0.48,0.28,0.29,0.8,0.28,0.41,-0.16,146.64,206.13,197.2,208.46,143.48,221.34,156.67,81.4,29.06,-0.45,-1.83,-3.58,-1.39,0.18,-2.97,-0.9,-0.73,1.54,Near normal,Near normal,Near normal,Near normal,Near normal,Near normal,Near normal,Near normal,Near normal
Namibia,KwaZulu-Natal,NAM,01/07/19,6.11939619,-3.0582101,moderately wet,01/02/06,0.43,1.2,1.07,0.25,0.86,1.13,1.5,0.68,-1.05,132.23,178.17,180.92,163.17,131.5,176.89,199.92,97.86,22.12,-5.02,-6.22,-5.89,-3.93,-2.03,-6.25,-4.43,-1.43,0.65,Near normal,Moderately wet,Moderately wet,Near normal,Near normal,Moderately wet,Very wet,Near normal,Moderate drought
Namibia,KwaZulu-Natal,NAM,01/08/19,22.42588285,-3.619943,moderately wet,01/03/06,0.7,1.69,1.41,0.81,1.22,1.69,1.77,0.71,-0.87,57.33,94.31,109.92,113,121.56,153.85,96.39,33.14,13.32,-2.19,-4.86,-2.98,-3.41,-3.4,-7.29,-3.3,0.12,3.87,Near normal,Very wet,Moderately wet,Near normal,Moderately wet,Very wet,Very wet,Near normal,Near normal
Namibia,KwaZulu-Natal,NAM,01/09/19,30.87674958,-2.6272104,severe,01/04/06,0.19,1.35,0.76,0.73,0.95,1.25,1.77,0.79,-0.55,66.13,67.04,38.45,89.65,12.15,42.12,48.14,50.75,37.77,-3.41,-5.52,0.39,-3.98,-4.59,-7.32,-1.62,-0.95,1.76,Near normal,Moderately wet,Near normal,Near normal,Near normal,Moderately wet,Very wet,Near normal,Near normal
Namibia,KwaZulu-Natal,NAM,01/10/19,60.04004341,-3.158851,severe,01/05/06,0.68,0.89,-0.17,0.68,0.51,0.93,0.87,1.19,1.02,50.5,31.65,15.93,31.17,6.33,11.99,15.08,39.95,71.63,-3.53,-4.08,0.54,-1.94,-3.26,-4.02,-5.69,-1.04,-0.9,Near normal,Near normal,Near normal,Near normal,Near normal,Near normal,Near normal,Moderately wet,Moderately wet
Namibia,KwaZulu-Natal,NAM,01/11/19,147.1095595,-2.2651765,severe,01/06/06,1,0.49,-0.74,0.65,-0.8,-0.59,0.33,1.35,1.05,11.38,4.46,0.63,10.35,3.63,3.35,8.56,7.01,22.59,-3.55,-3.36,1.63,-0.63,-2.25,-2.81,-2.9,-0.88,-2.79,Near normal,Near normal,Near normal,Near normal,Near normal,Near normal,Near normal,Moderately wet,Moderately wet
Namibia,KwaZulu-Natal,NAM,01/12/19,127.1788383,-1.7022321,moderate drought,01/07/06,0.86,0.04,-0.76,-0.23,-0.76,-0.89,-0.07,1.04,1.38,20.91,6.19,1.36,4.43,0.67,1.07,1,9.73,52.97,-1.48,-2.69,1.51,1.58,-1.9,-1.58,-2.64,-0.64,-2.13,Near normal,Near normal,Near normal,Near normal,Near normal,Near normal,Near normal,Moderately wet,Moderately wet
Namibia,KwaZulu-Natal,NAM,01/01/20,131.5921152,-1.266143,moderate drought,01/08/06,1.52,1.27,0.75,0.71,-0.84,0.05,0.73,0.46,0.94,111.49,70.99,35.46,68.98,8.22,34.87,31.47,28.52,81.78,-8.83,-2.9,3.1,2.01,-0.71,-0.15,-2.19,0.6,-5.63,Very wet,Moderately wet,Near normal,Near normal,Near normal,Near normal,Near normal,Near normal,Near normal
Namibia,KwaZulu-Natal,NAM,01/02/20,159.3508482,-0.5478856,near normal,01/09/06,1.62,1.03,0.37,0.74,-0.74,-0.12,0.39,0.14,0.86,53.86,6.99,5.35,56.99,5.27,21.17,1.47,3.06,15.16,-6.01,-1.94,1.52,1.18,-1.22,-0.61,-1.96,0.95,-4.04,Very wet,Moderately wet,Near normal,Near normal,Near normal,Near normal,Near normal,Near normal,Near normal
Namibia,KwaZulu-Natal,NAM,01/03/20,57.92686586,-0.7036696,near normal,01/10/06,1.79,0.58,-0.45,0.74,-1.27,-0.72,0.23,-0.05,0.58,94.68,56.93,47.5,105.29,13.72,62.11,37.99,13.19,24.45,-7.63,-1.63,1.29,-1.57,-1.71,-0.49,-2.63,1.12,-0.02,Very wet,Near normal,Near normal,Near normal,Moderate drought,Near normal,Near normal,Near normal,Near normal
Namibia,KwaZulu-Natal,NAM,01/04/20,114.640223,0.30007282,near normal,01/11/06,0.57,-0.34,-0.84,0.28,-0.8,-1.07,-0.29,-1.31,-0.83,66.78,79.38,127.06,120.52,92.49,144.35,73.48,15.56,20.95,-7.63,-1.85,0,-6.29,-1.6,-2.42,-1.9,0.45,-0.67,Near normal,Near normal,Near normal,Near normal,Near normal,Moderate drought,Near normal,Moderate drought,Near normal
Namibia,KwaZulu-Natal,NAM,01/05/20,8.076405686,-0.12916058,near normal,01/12/06,0.35,-0.29,-0.34,0.87,-0.74,-0.43,-0.5,-0.87,-0.56,85.48,103.87,133.37,179.27,86.95,174.93,101.44,27.97,13.95,-6.81,-2.62,-2.19,-10.07,-2.07,-3.83,-2.17,-1,-1.42,Near normal,Near normal,Near normal,Near normal,Near normal,Near normal,Near normal,Near normal,Near normal
Namibia,KwaZulu-Natal,NAM,01/06/20,23.89321379,0.49160585,near normal,01/01/07,-0.47,-0.65,-0.69,0.07,-0.8,-0.74,-0.98,-0.98,-1.08,65.48,46.1,54.96,82.84,34.87,64.34,27.95,21.13,14.18,-2.08,-0.9,-0.54,-8.45,-0.61,-4.39,-0.37,0.08,0.36,Near normal,Near normal,Near normal,Near normal,Near normal,Near normal,Near normal,Near normal,Moderate drought
Namibia,KwaZulu-Natal,NAM,01/07/20,8.024404176,-0.9123401,near normal,01/02/07,-0.96,-1.4,-1.76,-0.79,-1.49,-1.18,-1.64,-1.25,-1.17,45.81,27.23,20.74,68.43,31.47,63.1,16.53,6.27,17.51,1.56,1.54,1.43,-2.15,1.46,-0.28,1.28,1.09,2.24,Near normal,Moderate drought,Severe drought,Near normal,Moderate drought,Moderate drought,Severe drought,Moderate drought,Moderate drought
Namibia,KwaZulu-Natal,NAM,01/08/20,19.41467027,-0.7578573,near normal,01/03/07,-0.63,-1.71,-2.4,-1.69,-1.45,-1.89,-1.78,-1.36,-0.8,90.43,43.15,27.78,80.89,54.49,47.03,27.1,17.64,21.95,0.14,3.68,2.87,0.28,2.36,1.55,3.33,0.78,1.88,Near normal,Severe drought,Extreme drought,Severe drought,Moderate drought,Severe drought,Severe drought,Moderate drought,Near normal
South Africa,Limpopo,ZAR,01/06/19,1.487902481,-1.0077515,near normal,01/04/07,-0.42,-1.5,-2.07,-1.24,-1.2,-1.33,-1.58,-1.11,0.03,49.48,41.46,39.03,61.9,28.24,47.25,21.67,15.91,37.21,-0.52,4.41,5.55,2.12,3.28,4.89,3.96,-0.43,0.01,Near normal,Moderate drought,Extreme drought,Moderate drought,Moderate drought,Moderate drought,Severe drought,Moderate drought,Near normal
South Africa,Limpopo,ZAR,01/07/19,0.406561704,-2.8956149,near normal,01/05/07,-0.02,-1.02,-1.63,-0.66,-0.73,-1.09,-1.03,-0.81,0.2,10.53,2.69,0.19,7,0.43,0.64,0.59,4.55,32.23,-0.15,3.1,2.88,2.19,1.91,2.56,2.59,0.13,-1.4,Near normal,Moderate drought,Severe drought,Near normal,Near normal,Moderate drought,Moderate drought,Near normal,Near normal
South Africa,Limpopo,ZAR,01/08/19,1.625570163,-3.7235625,near normal,01/06/07,-0.04,-0.18,-0.52,0.29,-0.74,-0.3,-0.32,-0.35,0.6,29.57,28.64,15.76,59.48,7.39,14.79,20.42,16.21,54.62,2.03,3.04,3.61,3.1,1.69,3.59,3.19,0.53,-0.56,Near normal,Near normal,Near normal,Near normal,Near normal,Near normal,Near normal,Near normal,Near normal
South Africa,Limpopo,ZAR,01/09/19,4.588474956,-2.5602043,Extreme,01/07/07,-0.13,-0.17,0.14,0.3,-0.26,-0.38,0.09,-0.21,0.75,12.47,1.49,3.75,4.63,9.01,6.49,1.58,7.26,45.99,2.53,3.05,3.81,2.73,1.64,2.56,3.07,1.46,-0.19,Near normal,Near normal,Near normal,Near normal,Near normal,Near normal,Near normal,Near normal,Near normal
South Africa,Limpopo,ZAR,01/10/19,13.81341331,-2.2432747,Extreme,01/08/07,-0.19,0.08,0.62,0.33,-0.06,-0.25,0.53,0.15,0.52,18.12,4.84,0.82,21.09,2.26,5.59,0.47,3.66,27.2,4.29,3.73,2.51,6.52,0.92,4.46,3.36,2.97,0.01,Near normal,Near normal,Near normal,Near normal,Near normal,Near normal,Near normal,Near normal,Near normal
South Africa,Limpopo,ZAR,01/11/19,70.2536669,-1.4978337,severe,01/09/07,-1.17,0.12,0.39,-0.71,0.38,-0.94,1.11,-0.47,-0.4,21.47,36.44,30.2,43.7,35.14,32.72,43.3,7.2,9.77,2.16,0.93,0.39,3.23,-1.02,1.53,0.06,0.81,-0.39,Moderate drought,Near normal,Near normal,Near normal,Near normal,Near normal,Moderately wet,Near normal,Near normal
South Africa,Limpopo,ZAR,01/12/19,113.3327028,-1.4361452,severe,01/10/07,-0.31,1.01,1.31,0.44,0.87,0.21,1.58,0.43,-0.66,90.95,132.18,127.69,132.3,46.81,106.25,77.25,44.6,35.62,1.47,-0.04,-1.08,1.55,-0.97,1.52,-0.1,0.61,0.67,Near normal,Moderately wet,Moderately wet,Near normal,Near normal,Near normal,Very wet,Near normal,Near normal
South Africa,Limpopo,ZAR,01/01/20,106.6769355,-0.38967904,moderate drought,01/11/07,-0.13,1.21,0.78,0.76,1.35,0.74,1.35,0.74,0.63,86.86,92.79,104.66,114.32,135.97,131.67,68.19,24.53,62.78,2.29,-0.14,-0.28,-2.38,-0.47,-0.42,0.69,-0.5,0.01,Near normal,Moderately wet,Near normal,Near normal,Moderately wet,Near normal,Moderately wet,Near normal,Near normal
South Africa,Limpopo,ZAR,01/02/20,144.7596529,-0.07377701,near normal,01/12/07,0.77,1.12,0.37,0.63,1.6,0.75,0.93,1.27,1.39,120.16,90.91,84.62,97.89,131.68,102.79,89.96,62.5,50.86,-0.59,-0.61,0.05,-4,-1.76,-1.08,0.3,0.49,-1.3,Near normal,Moderately wet,Near normal,Near normal,Very wet,Near normal,Near normal,Moderately wet,Moderately wet
South Africa,Limpopo,ZAR,01/03/20,19.67282056,-0.11155328,near normal,01/01/08,0.68,0.22,0.48,-0.39,1.02,0.65,0.67,0.88,1.42,93.68,93.56,145.73,122.39,128.39,140.19,124.37,50.28,22.11,1.32,-0.17,-1.6,-1.89,-3.23,-2.6,-1.77,0.91,0.29,Near normal,Near normal,Near normal,Near normal,Moderately wet,Near normal,Near normal,Near normal,Moderately wet
South Africa,Limpopo,ZAR,01/04/20,31.85672882,-0.1247387,near normal,01/02/08,0.83,-0.13,0.47,-1.14,0.2,-0.19,0.38,0.61,0.93,94.83,54.34,77.89,79.46,34.15,79.39,38.71,22.27,31.09,1.47,1.4,0,1.31,0,1.4,-0.63,-0.1,-0.26,Near normal,Near normal,Near normal,Moderate drought,Near normal,Near normal,Near normal,Near normal,Near normal
South Africa,Limpopo,ZAR,01/05/20,1.146848013,-0.7356149,near normal,01/03/08,0.15,0.04,0.92,-0.7,-0.21,0.13,0.61,0.16,-0.18,72.68,80.23,151.86,101.2,56.37,117.5,112.76,43.97,26.72,-0.51,1.77,-0.51,2.88,0.77,2.21,0.02,-1.95,-2.62,Near normal,Near normal,Near normal,Near normal,Near normal,Near normal,Near normal,Near normal,Near normal
South Africa,Limpopo,ZAR,01/06/20,2.773163675,-0.26320854,near normal,01/04/08,0.01,-0.31,-0.27,0.03,-0.73,-0.5,-0.04,-0.28,-0.74,48.11,24.31,14.72,98.27,20.96,48.82,7.77,9.53,12.49,0.38,3.21,0.19,0.3,0.77,1.45,1.21,-1,-0.63,Near normal,Near normal,Near normal,Near normal,Near normal,Near normal,Near normal,Near normal,Near normal
South Africa,Limpopo,ZAR,01/07/20,2.419901221,-1.1582086,near normal,01/05/08,-0.4,0.29,0.3,0.5,-0.49,-0.02,0.68,0.13,-1.07,18.69,42.44,34.54,16.76,9.6,23.22,47.67,42.56,29.21,0.95,1.98,0.98,0.63,1.3,2.36,0.15,-1.08,-0.14,Near normal,Near normal,Near normal,Near normal,Near normal,Near normal,Near normal,Near normal,Moderate drought
South Africa,Limpopo,ZAR,01/08/20,5.910754505,-0.690253,near normal,01/06/08,0.17,0.36,-0.69,0.84,-0.85,-0.46,0.1,0.67,-0.78,42.01,25.19,11.55,38.23,2.39,8.2,12.04,25.88,43.72,1.02,2.41,2.28,1.26,1.96,3.81,0.84,-0.66,-0.61,Near normal,Near normal,Near normal,Near normal,Near normal,Near normal,Near normal,Near normal,Near normal
South Africa,Mpumalanga,ZAR,01/06/19,2.916765876,-0.42058176,near normal,01/07/08,-0.28,0.99,0.12,-0.28,-1.22,-0.67,0.65,1.53,0.23,3.6,0.89,1.47,6.15,2.81,2.5,1.49,11.32,54.95,1.73,2.8,3.02,2.82,2.32,4.47,0.91,-1.47,-3.57,Near normal,Near normal,Near normal,Near normal,Moderate drought,Near normal,Near normal,Very wet,Near normal
South Africa,Mpumalanga,ZAR,01/07/19,1.214285298,-2.8837152,near normal,01/08/08,0.12,-0.37,-1.32,-0.56,-1.77,-1.78,-1.44,0.76,0.62,31.29,6.11,0.94,13.49,2.29,4.35,1.18,9.41,41.85,4.51,4.1,2.54,4.79,1.37,3.95,1.82,0.03,-1.98,Near normal,Near normal,Moderate drought,Near normal,Severe drought,Severe drought,Moderate drought,Near normal,Near normal
South Africa,Mpumalanga,ZAR,01/08/19,5.595414252,-4.503947,near normal,01/09/08,-0.82,-1.22,-2.06,-0.88,-1.42,-1.73,-0.99,0.19,0.87,14.71,3.61,1.1,49.91,2.32,13.05,0.13,2.94,37.65,0.96,2.65,1.42,3.82,-0.11,3.01,0.21,-1.68,-4.1,Near normal,Moderate drought,Extreme drought,Near normal,Moderate drought,Severe drought,Near normal,Near normal,Near normal
South Africa,Mpumalanga,ZAR,01/09/19,18.77131019,-2.3207612,near normal,01/10/08,-0.94,-1.38,-1.35,-1.27,-1.51,-1.53,-1.4,-0.49,0.46,42.56,22.66,42.48,51.49,9.79,42.45,22.41,8.06,19.47,3.47,4.06,2.38,3.86,0.49,3.05,1.24,-0.34,-1.17,Near normal,Moderate drought,Moderate drought,Moderate drought,Severe drought,Severe drought,Moderate drought,Near normal,Near normal
South Africa,Mpumalanga,ZAR,01/10/19,34.36882867,-2.405926,extreme,01/11/08,-0.69,-0.39,-0.67,-0.81,-0.71,-1.08,-0.7,-0.35,0.96,92.76,101.35,103.63,107.58,101.31,131.08,67.54,20.63,51.73,5.08,4.31,1.02,3.29,-1.13,1.73,1.99,0.94,0.24,Near normal,Near normal,Near normal,Near normal,Near normal,Moderate drought,Near normal,Near normal,Near normal
South Africa,Mpumalanga,ZAR,01/11/19,113.9212356,-1.7530873,extreme,01/12/08,-0.69,-0.74,-0.84,-0.93,-0.58,-0.72,-1.31,-1.38,0.11,75.17,54.92,83.37,111.64,126.61,140.55,40.56,11.1,13.27,4.13,2.77,0.45,0.34,-0.24,0.69,1.32,0.31,0.43,Near normal,Near normal,Near normal,Near normal,Near normal,Near normal,Moderate drought,Moderate drought,Near normal
South Africa,Mpumalanga,ZAR,01/12/19,150.4359236,-1.1870898,severe,01/01/09,-0.59,0.2,0.15,0.21,0.27,-0.21,0.28,-0.94,-0.03,70.88,145.64,202.34,170.15,155.1,179.64,173.25,32.49,11.45,3.46,1.28,-2.36,-1.96,-2.29,-0.92,-1.22,-0.73,-0.38,Near normal,Near normal,Near normal,Near normal,Near normal,Near normal,Near normal,Near normal,Near normal
South Africa,Mpumalanga,ZAR,01/01/20,158.0958797,-0.5226748,near normal,01/02/09,0.14,0.37,0.53,0.69,0.12,0.29,0.45,0.04,-0.4,152.99,123.11,132.69,170.67,78.41,129,98.64,77.24,32.49,2.56,1.86,-1.65,-0.52,-0.58,0.05,-0.51,-1.05,-0.11,Near normal,Near normal,Near normal,Near normal,Near normal,Near normal,Near normal,Near normal,Near normal
South Africa,Mpumalanga,ZAR,01/02/20,147.4675035,-0.22243755,near normal,01/03/09,0,0.52,1.04,0.6,0.26,0.33,0.8,0.26,-0.7,32.11,44.87,96.07,81.65,50.37,82.03,65.24,20.8,12.23,1.61,2.85,1.03,-0.4,0.46,0.44,3.16,-0.16,0.57,Near normal,Near normal,Moderately wet,Near normal,Near normal,Near normal,Near normal,Near normal,Near normal
South Africa,Mpumalanga,ZAR,01/03/20,59.44281601,-0.7788849,near normal,01/04/09,0,-0.16,0.47,0.04,-0.33,-0.14,-0.15,0.13,-0.58,32.66,14.94,2.77,39.56,3.94,9.53,5.29,26.5,37.02,3.47,4.65,1.92,1.16,0.89,2.18,4.33,0.37,1.15,Near normal,Near normal,Near normal,Near normal,Near normal,Near normal,Near normal,Near normal,Near normal
South Africa,Mpumalanga,ZAR,01/04/20,83.60975417,-0.3260364,near normal,01/05/09,-0.96,-0.94,0.07,-0.25,-0.32,-0.74,-0.5,-0.68,-0.64,17.11,30.25,19.43,22.48,20.57,19.67,32.69,10.1,30.72,4.51,3.77,2.42,1.89,0.67,2.99,3.52,-0.25,0.63,Near normal,Near normal,Near normal,Near normal,Near normal,Near normal,Near normal,Near normal,Near normal
South Africa,Mpumalanga,ZAR,01/05/20,1.497232486,-0.50908905,near normal,01/06/09,-0.33,-0.26,-0.26,0.23,-0.3,-0.67,-0.1,-0.14,0.21,24.43,38.46,20.86,17.42,19.41,16.29,47.69,28.89,57.19,2.4,3.02,2.16,3.19,1.24,3.62,1.84,-0.75,-2.88,Near normal,Near normal,Near normal,Near normal,Near normal,Near normal,Near normal,Near normal,Near normal
South Africa,Mpumalanga,ZAR,01/06/20,10.81183418,0.108195186,near normal,01/07/09,0.38,0.94,1.08,0.78,0.85,0.71,1.25,0.28,-0.03,18.17,10.71,1.67,8.19,3.42,2.55,9.78,9.47,34.55,2.99,3.46,2.21,3.16,1.06,3.2,1.64,0.61,-2.68,Near normal,Near normal,Moderately wet,Near normal,Near normal,Near normal,Moderately wet,Near normal,Near normal
South Africa,Mpumalanga,ZAR,01/07/20,2.946258788,-0.8628182,near normal,01/08/09,0.4,1,1.26,0.83,0.63,1.06,1.51,0.22,-0.37,24.1,18.9,24.78,71.91,3.96,35.87,9.67,5.06,23.71,3.8,3.81,3.86,3.99,1.63,5.07,2.66,1.71,0.06,Near normal,Moderately wet,Moderately wet,Near normal,Near normal,Moderately wet,Very wet,Near normal,Near normal
South Africa,Mpumalanga,ZAR,01/08/20,8.6277518,-0.5233573,near normal,01/09/09,-0.3,0.06,0.65,0.59,-0.26,-0.03,0.39,-0.68,-0.89,23.41,16.25,15.61,43.17,13.04,15.53,8.15,3.44,22.08,3.81,4.7,3.19,3.69,0.72,4.06,2.75,1.96,1.77,Near normal,Near normal,Near normal,Near normal,Near normal,Near normal,Near normal,Near normal,Near normal
South Africa,North West,ZAR,01/06/19,0.119232926,0.39710665,near normal,01/10/09,0.3,0.32,0.59,0.79,-0.77,-0.22,0.43,-0.43,-0.79,82.24,120.85,81.86,128.66,31.83,95.48,74.7,31.98,34.43,2.43,2.57,0.84,-0.35,-0.79,1.84,0.67,1.61,3.06,Near normal,Near normal,Near normal,Near normal,Near normal,Near normal,Near normal,Near normal,Near normal
South Africa,North West,ZAR,01/07/19,0.040465836,-3.3875709,extreme,01/11/09,0.45,0.63,0.68,0.3,0.34,0.26,0.64,-0.02,0.04,72.27,79.67,127.71,118.96,107.25,153.3,82.5,23.48,37.8,0.49,0.25,0.15,-2.12,0.65,0.91,0.65,2.5,4,Near normal,Near normal,Near normal,Near normal,Near normal,Near normal,Near normal,Near normal,Near normal
South Africa,North West,ZAR,01/08/19,0.307772152,-4.9854717,extreme,01/12/09,0.45,0.64,1.49,0.14,0.01,0.25,0.12,-0.17,0.18,57.09,58.67,101.47,114.37,75.96,129.18,61.26,19.27,14.56,-0.36,-0.5,-3.21,-5.86,-3.18,-5.19,0,0.21,1.14,Near normal,Near normal,Moderately wet,Near normal,Near normal,Near normal,Near normal,Near normal,Near normal
South Africa,North West,ZAR,01/09/19,2.268097354,-4.618714,extreme,01/01/10,0.46,1.13,1.82,0.11,-0.15,0.21,0.68,0.51,0.03,132.02,209.08,201.05,183.04,104.19,206.58,196.46,85.89,15.54,0.4,0.29,-1.61,-3.36,1.74,-1.73,0.73,0.1,1.2,Near normal,Moderately wet,Very wet,Near normal,Near normal,Near normal,Near normal,Near normal,Near normal
South Africa,North West,ZAR,01/10/19,3.176494526,-3.0129395,extreme,01/02/10,0.25,0.75,1.54,-0.56,-0.87,-0.64,0.48,0.44,-0.46,84.06,66.77,67.85,87.56,68.85,87.51,44.24,49.24,38.88,2.53,-1.19,-1.5,-0.36,1.36,-1.22,-0.26,1.59,3.52,Near normal,Near normal,Very wet,Near normal,Near normal,Near normal,Near normal,Near normal,Near normal
South Africa,North West,ZAR,01/11/19,67.23781469,-2.6705399,extreme,01/03/10,0.23,0.76,0.92,-0.63,-1.01,-0.79,0.61,0.26,-0.58,45.91,76.6,78.17,83.82,31.71,85.13,63.34,32.43,21.74,1.54,-1.01,-1.64,1.67,1.6,0.4,-0.44,1.22,2.34,Near normal,Near normal,Near normal,Near normal,Moderate drought,Near normal,Near normal,Near normal,Near normal
South Africa,North West,ZAR,01/12/19,142.1174564,-1.1614501,extreme,01/04/10,-0.54,-0.08,0.51,-1.18,0.01,0,0.03,-0.69,-0.98,48.68,58.01,91.09,56.67,115.44,125.08,88.71,21.73,14.16,0.85,-0.34,-0.91,-0.26,0.16,-1.98,1.67,1.3,2.56,Near normal,Near normal,Near normal,Moderate drought,Near normal,Near normal,Near normal,Near normal,Near normal
South Africa,North West,ZAR,01/01/20,83.03760373,-0.3540883,extreme,01/05/10,-0.69,-0.16,0.41,-0.81,0.55,0.53,-0.04,-1.09,-0.77,11.39,17.29,31.89,14.66,15.92,16.48,29.68,6.67,37.94,1.98,-0.02,-0.96,3.17,1.05,0.37,-1.51,-0.17,1.05,Near normal,Near normal,Near normal,Near normal,Near normal,Near normal,Near normal,Moderate drought,Near normal
South Africa,North West,ZAR,01/02/20,62.16757538,0.34609532,extreme,01/06/10,-0.54,-0.25,0.59,-0.64,1.59,1.3,-0.01,-1.07,-0.75,30.25,13.85,0.69,15.63,3.03,3.62,0.63,5.82,37.31,3.04,-0.05,-0.73,3.24,-0.3,-0.42,-1.19,0.77,0.84,Near normal,Near normal,Near normal,Near normal,Very wet,Moderately wet,Near normal,Moderate drought,Near normal
South Africa,North West,ZAR,01/03/20,63.53983916,-0.036282994,near normal,01/07/10,-0.65,-1.07,-0.39,-0.97,-0.55,-1.05,-0.7,-1.52,-0.4,12.77,1.08,1.63,12.84,4.69,5.75,0.57,3.53,23.6,3.89,1.63,1.56,5.8,1.01,1.76,0.26,1.38,0.71,Near normal,Moderate drought,Near normal,Near normal,Near normal,Moderate drought,Near normal,Severe drought,Near normal
South Africa,North West,ZAR,01/04/20,68.22653079,0.23041245,near normal,01/08/10,-0.57,-1.16,-1.46,-0.91,-0.73,-1.33,-1.34,-1.66,-0.83,8.16,0.54,0.12,11.83,1.09,2.73,0.05,1.47,19.31,3.75,0.94,1.65,6.68,0.95,2.3,0.49,1.75,2.64,Near normal,Moderate drought,Moderate drought,Near normal,Near normal,Moderate drought,Moderate drought,Severe drought,Near normal
South Africa,North West,ZAR,01/05/20,0.017912845,-0.024184246,near normal,01/09/10,-1.54,-1.78,-3.37,-1.93,-1.31,-1.9,-2.21,-1.89,-1.41,25.31,4.96,1.09,17.05,2.04,5.95,1.45,6.68,15.36,2.91,1.29,0.61,3.7,-1.55,-0.11,0.38,2.07,4.14,Severe drought,Severe drought,Extreme drought,Severe drought,Moderate drought,Severe drought,Extreme drought,Severe drought,Moderate drought
South Africa,North West,ZAR,01/06/20,9.935961223,-0.20195426,near normal,01/10/10,-0.89,-1.45,-1.8,-1.1,-1.4,-1.47,-2,-1.54,-0.95,82.61,41.99,60.7,114.63,20.95,74.04,19.09,6.22,38.11,1.38,1.96,0.98,5.53,-0.92,1.36,0.11,1.99,3.8,Near normal,Moderate drought,Severe drought,Moderate drought,Moderate drought,Moderate drought,Extreme drought,Severe drought,Near normal
South Africa,North West,ZAR,01/07/20,0.096346295,-1.0146891,near normal,01/11/10,-0.25,-0.69,-1.57,-0.88,-0.96,-0.92,-1.25,-1,-0.51,98.47,83.91,90.83,141.88,97.74,152.89,61.05,20.13,22.34,3.31,2.9,1.68,3.43,-0.81,-0.04,1.01,1.35,3.38,Near normal,Near normal,Severe drought,Near normal,Near normal,Near normal,Moderate drought,Near normal,Near normal
South Africa,North West,ZAR,01/08/20,0.45494882,-0.21266821,near normal,01/12/10,0.51,0.75,-0.1,0.31,-0.3,0,-0.49,0.12,0.48,115.03,180.56,194.97,184.27,138.54,183.52,114.88,59.84,52.76,2.01,-0.51,0.21,0.04,-0.83,-1.39,-0.02,1.55,3.08,Near normal,Near normal,Near normal,Near normal,Near normal,Near normal,Near normal,Near normal,Near normal
South Africa,Northern Cape,ZAR,01/06/19,2.596368246,-1.7971237,near normal,01/01/11,0.81,1.76,0.62,0.69,0.77,0.53,0.89,0.55,0.2,152,196.85,175.39,198.93,173.95,197.31,165.61,106.61,32.35,0.78,-7.7,-5.87,-6.69,-4.62,-8.26,-5.27,-0.46,3.12,Near normal,Very wet,Near normal,Near normal,Near normal,Near normal,Near normal,Near normal,Near normal
South Africa,Northern Cape,ZAR,01/07/19,5.810908751,-2.7985718,near normal,01/02/11,0.81,1.52,0.5,0.37,0.17,-0.25,0.82,1.1,0.24,100.07,85.84,69.88,61.11,24.1,57.72,77.06,70.15,42.48,2.83,-2.34,3.01,0.55,3.12,0.94,0.98,1.89,3.28,Near normal,Very wet,Near normal,Near normal,Near normal,Near normal,Near normal,Moderately wet,Near normal
South Africa,Northern Cape,ZAR,01/08/19,0.545408861,-2.6214488,near normal,01/03/11,0.6,0.73,-0.19,-0.39,-0.04,-0.92,0.53,0.74,-0.69,92.78,67.6,74.96,81.73,38.61,72.61,68,55.13,33.19,0.13,-1.21,2.94,3.52,3.5,3.98,0.94,0.75,2.38,Near normal,Near normal,Near normal,Near normal,Near normal,Near normal,Near normal,Near normal,Near normal
South Africa,Northern Cape,ZAR,01/09/19,2.954840119,-2.5623043,near normal,01/04/11,0.13,0.32,0.1,-0.53,-0.3,-1.11,0.46,0.58,-0.86,59.5,91.68,103.01,86.45,59.24,80.65,96.48,39.45,20.58,-0.14,0.16,2.48,4.95,3.68,2.74,0.24,-0.95,1.24,Near normal,Near normal,Near normal,Near normal,Near normal,Moderate drought,Near normal,Near normal,Near normal
South Africa,Northern Cape,ZAR,01/10/19,2.318347989,-2.6796076,near normal,01/05/11,0.84,0.64,0.58,0.16,0.39,-0.48,0.54,0.42,-0.15,69.96,44.44,14,44.02,7.73,11.56,11.81,35.51,63.27,2.88,6.18,9.22,8.98,4.56,6.63,4.62,0.32,0.35,Near normal,Near normal,Near normal,Near normal,Near normal,Near normal,Near normal,Near normal,Near normal
South Africa,Northern Cape,ZAR,01/11/19,3.182067644,-2.850088,near normal,01/06/11,1.46,1.62,1.17,1.03,1.01,0.06,1.51,0.87,0.65,77.19,48.05,17.21,22.5,4.31,8.98,36.33,25.15,67.77,-4.65,-8.13,-2.21,0.84,0.74,0.39,-6.25,-2.79,-0.81,Moderately wet,Very wet,Moderately wet,Moderately wet,Moderately wet,Near normal,Very wet,Near normal,Near normal
South Africa,Northern Cape,ZAR,01/12/19,21.6404134,-1.9224373,moderate drought,01/07/11,1.94,1.65,0.71,1.29,-0.16,-0.14,1.24,1.17,0.92,59.88,19.23,5.51,58.59,4.4,21.53,1.96,6.57,29.93,-0.24,2.95,5.92,7.02,4.17,6.61,3.46,4.15,2.37,Very wet,Very wet,Near normal,Moderately wet,Near normal,Near normal,Moderately wet,Moderately wet,Near normal
South Africa,Northern Cape,ZAR,01/01/20,25.1808831,-1.6403465,moderate drought,01/08/11,1.45,1.38,1.35,1.42,0.5,0.9,1.54,0.62,0.41,27.41,7.45,18.93,36.48,9.72,32.15,0.55,10.59,40.14,-2.49,5.87,8.39,7.25,4.11,7.45,5.49,3.4,0.89,Moderately wet,Moderately wet,Moderately wet,Moderately wet,Near normal,Near normal,Very wet,Near normal,Near normal
South Africa,Northern Cape,ZAR,01/02/20,50.12369845,-1.1728008,moderate drought,01/09/11,0.32,-0.19,-0.16,0.78,-0.14,0.41,-0.27,-0.56,-0.43,7.75,3.31,3.26,33.05,3.03,16.99,2.28,1.2,10.02,-0.46,3.81,6.48,6.4,3.8,6.16,2.82,3.16,2.61,Near normal,Near normal,Near normal,Near normal,Near normal,Near normal,Near normal,Near normal,Near normal
South Africa,Northern Cape,ZAR,01/03/20,28.56090734,-1.0618098,moderate drought,01/10/11,-1.03,-1.05,-0.21,-0.57,-0.09,-0.23,-0.95,-0.91,-0.86,50.24,36.2,71.45,84.27,63.64,95.02,23.25,5.09,21.71,-2.42,2.51,5.75,3.68,3.42,5.24,1.45,1.3,1.79,Moderate drought,Moderate drought,Near normal,Near normal,Near normal,Near normal,Near normal,Near normal,Near normal
South Africa,Northern Cape,ZAR,01/04/20,21.03222431,-0.9623863,moderate drought,01/11/11,-0.74,-1.54,-1.22,-0.84,-1,-1.73,-1.32,-0.58,-0.5,73.55,28.84,45.62,125.36,49.98,73.73,33.48,9.44,22.58,-0.46,0.78,0.95,-0.02,0.16,0.61,-1.4,-0.08,3.02,Near normal,Severe drought,Moderate drought,Near normal,Moderate drought,Severe drought,Moderate drought,Near normal,Near normal
South Africa,Northern Cape,ZAR,01/05/20,1.063857039,-1.4256299,moderate drought,01/12/11,0.19,-1.07,-0.31,-0.79,-0.96,-1.72,-0.73,-0.04,-0.03,138.38,130.47,182.67,122.89,113.17,157.05,107.83,36.07,24.91,2.42,5.69,4.92,2.95,3.2,4.6,3.32,2.55,4.46,Near normal,Moderate drought,Near normal,Near normal,Near normal,Severe drought,Near normal,Near normal,Near normal
South Africa,Northern Cape,ZAR,01/06/20,5.495591117,-1.3410325,moderate drought,01/01/12,0.07,-0.99,-0.26,-0.9,-0.98,-1.21,-0.81,-0.24,-0.14,56.06,53.48,97.57,91.02,111.65,116.18,60.7,17.69,19.32,2.42,5.14,4.36,2.69,4.96,3.47,3.39,2.08,4.28,Near normal,Near normal,Near normal,Near normal,Near normal,Moderate drought,Near normal,Near normal,Near normal
South Africa,Northern Cape,ZAR,01/07/20,8.128109814,-1.6127955,moderate drought,01/02/12,0.3,-0.65,0,-1.25,-0.96,-0.83,-0.53,-0.4,-0.86,118.34,86.92,59.77,126.94,35.92,72.02,56.57,60.48,19.64,3.16,6.66,5.41,6.73,4.75,4.43,5.17,2.4,4.97,Near normal,Near normal,Near normal,Moderate drought,Near normal,Near normal,Near normal,Near normal,Near normal
South Africa,Northern Cape,ZAR,01/08/20,3.843052015,-0.4531167,moderate drought,01/03/12,0.16,-0.99,-0.49,-0.72,-0.97,-0.54,-0.72,-0.61,-0.76,120.47,50.04,54.77,108.85,32.45,42.44,65.78,32.97,41.53,3.16,8.66,7.85,7.65,6.92,7.91,7.18,2.14,3.9,Near normal,Near normal,Near normal,Near normal,Near normal,Near normal,Near normal,Near normal,Near normal
South Africa,Western Cape,ZAR,01/06/19,26.27333,-1.301476,moderate drought,01/04/12,0.32,-1.04,-1.1,-0.65,-1.35,-1.18,-0.71,-0.12,-0.11,32.8,23.45,9.08,32.17,5.73,17.32,5.76,26.78,36.01,0.97,9.23,9.45,9.47,8.02,8.82,8.4,1.8,2.8,Near normal,Moderate drought,Moderate drought,Near normal,Moderate drought,Moderate drought,Near normal,Near normal,Near normal
South Africa,Western Cape,ZAR,01/07/19,37.24940057,-0.9496727,moderate drought,01/05/12,-0.1,-1.24,-1.09,-0.39,-1.29,-1.18,-0.93,-0.41,-0.28,19.07,3.05,0.4,22.45,1.71,5.48,0.4,1.95,15.31,-0.02,7.34,8.69,8.31,8.49,8.3,7.94,1.03,1.68,Near normal,Moderate drought,Moderate drought,Near normal,Moderate drought,Moderate drought,Near normal,Near normal,Near normal
South Africa,Western Cape,ZAR,01/08/19,8.431364619,-1.2691274,near normal,01/06/12,0.11,-0.36,-1.26,-1.01,-1.51,-1.85,-1.12,-0.02,-0.12,36.4,36.21,4.61,18.79,0.89,3.15,12.82,22.97,53.42,3.95,7.39,4.2,12.11,2.08,7.64,5.07,3.58,4.04,Near normal,Near normal,Moderate drought,Moderate drought,Severe drought,Severe drought,Moderate drought,Near normal,Near normal
South Africa,Western Cape,ZAR,01/09/19,24.49944219,-1.3912987,near normal,01/07/12,1.17,0.42,-1.29,-0.45,-1.65,-1.87,-0.79,0.07,0.26,58.38,18.87,2.35,15.72,1.34,2.13,4.57,12.57,47.5,1.41,6.92,7.83,10.15,5.18,7.55,6.34,3.38,3.23,Moderately wet,Near normal,Moderate drought,Near normal,Severe drought,Severe drought,Near normal,Near normal,Near normal
South Africa,Western Cape,ZAR,01/10/19,20.75905824,-1.617878,near normal,01/08/12,1.41,0.67,-0.96,-0.19,-1.03,-0.9,-0.32,0.9,0.87,33.57,8.21,1.78,46.45,0.54,1.99,1.39,10.78,57.21,0.13,6.43,4.35,9.33,1.64,5.49,4.39,2.77,1,Moderately wet,Near normal,Near normal,Near normal,Moderate drought,Near normal,Near normal,Near normal,Near normal
South Africa,Western Cape,ZAR,01/11/19,12.968651,-1.5160329,near normal,01/09/12,1.09,0.52,1.41,1.71,0.16,1.46,0.05,0.47,0.72,44.86,46.08,97.8,169.76,52.55,108.44,23.85,3.81,24.31,1.01,8.66,7.22,6.39,4.15,5.12,7.59,3.92,3.13,Moderately wet,Near normal,Moderately wet,Very wet,Near normal,Moderately wet,Near normal,Near normal,Near normal
South Africa,Western Cape,ZAR,01/12/19,12.37338677,-1.1206046,near normal,01/10/12,1.07,0.23,1.08,1.88,1.28,1.36,-0.38,0.27,0.76,120.94,66.87,174.66,144.55,60.09,124.89,53.89,18.77,57.99,-5.38,2.81,2.7,-5.92,2.76,-0.61,4.58,1.76,1.3,Moderately wet,Near normal,Moderately wet,Very wet,Moderately wet,Moderately wet,Near normal,Near normal,Near normal
South Africa,Western Cape,ZAR,01/01/20,50.20419725,-0.7032269,near normal,01/11/12,0.33,-0.5,0.77,1.61,0.54,0.55,-0.89,-0.57,-0.09,43.96,35.75,55.26,126.72,42.9,84.41,43.54,5.2,11.01,-0.2,6.28,3.74,-4.18,-0.42,0.22,5.94,3.05,3.64,Near normal,Near normal,Near normal,Very wet,Near normal,Near normal,Near normal,Near normal,Near normal
South Africa,Western Cape,ZAR,01/02/20,18.29792888,-0.9137019,near normal,01/12/12,0.4,-0.14,0.02,0.38,0.12,-0.69,-0.49,0.2,-0.12,131.31,145.83,145.59,180.11,91.95,174.88,123.12,70.63,44.46,3.27,6.75,6.28,-0.28,4.13,4.55,7.27,4.08,5.69,Near normal,Near normal,Near normal,Near normal,Near normal,Near normal,Near normal,Near normal,Near normal
South Africa,Western Cape,ZAR,01/03/20,16.1160208,-0.8762404,near normal,01/01/13,-0.7,-0.49,-0.33,-0.42,0.64,-0.19,-0.71,-0.29,-0.99,56.37,71.98,111.61,174.41,232.78,237.45,57.06,12,13.3,4.73,4.75,5.86,-3.77,2.18,1.54,4.59,2.52,5.19,Near normal,Near normal,Near normal,Near normal,Near normal,Near normal,Near normal,Near normal,Near normal
South Africa,Western Cape,ZAR,01/04/20,17.92822978,-1.7033658,moderate drought,01/02/13,-0.45,-0.52,-0.69,-0.42,0.34,-0.18,-0.63,-0.49,-0.53,66.3,50.98,41.62,85.9,35.1,50.87,28.71,6.56,22.09,2.76,4.22,7.32,-3.47,2.63,3.07,5.56,2.37,3.92,Near normal,Near normal,Near normal,Near normal,Near normal,Near normal,Near normal,Near normal,Near normal
South Africa,Western Cape,ZAR,01/05/20,17.84713186,-1.5263169,moderate drought,01/03/13,-0.56,-1.06,-1.25,-0.49,0.17,-0.27,-1.15,-0.78,-0.38,79.81,58.21,53.72,100.1,35.01,59.89,28.93,54.97,32.6,3.68,6.25,8.7,-2.52,3.72,2.73,8.89,3.22,3.25,Near normal,Moderate drought,Moderate drought,Near normal,Near normal,Near normal,Moderate drought,Near normal,Near normal
South Africa,Western Cape,ZAR,01/06/20,31.61602197,-1.0264746,moderate drought,01/04/13,-0.4,-0.94,-0.55,-0.32,-0.39,-0.71,-0.83,-0.63,-0.36,58.41,54.75,68.75,78.79,67.73,78.04,47.39,12.2,34.91,5,9.03,9.9,1.89,5.07,5.72,9.8,4.93,5.77,Near normal,Near normal,Near normal,Near normal,Near normal,Near normal,Near normal,Near normal,Near normal
South Africa,Western Cape,ZAR,01/07/20,41.46929072,-0.6503614,moderate drought,01/05/13,-0.17,-0.51,0.06,0.19,0.14,-0.22,-0.72,-0.4,-0.6,20.85,9.15,8.57,39.12,3.54,14.25,2.68,3.77,27.22,4.79,6.35,7.42,0.36,2.56,3.79,7.63,4.29,5.25,Near normal,Near normal,Near normal,Near normal,Near normal,Near normal,Near normal,Near normal,Near normal
South Africa,Western Cape,ZAR,01/08/20,40.26377433,0.39519465,moderate drought,01/06/13,-0.58,-0.73,0.5,0.14,0.45,0.1,-0.7,-1.01,-0.35,9.28,0.64,0.04,25.43,1.35,3.56,0.04,9.15,48.66,5.28,6.61,8.06,2.45,2.91,4.61,7.67,4.73,4.61,Near normal,Near normal,Near normal,Near normal,Near normal,Near normal,Near normal,Moderate drought,Near normal
,,,,,,,01/07/13,-0.72,-1.52,-1.78,-0.3,-1.91,-0.85,-1.85,-1,-0.31,16.88,4.74,1.15,18.52,4.98,5.83,4.85,11,27.39,4.48,5.93,7.1,1.85,1.34,3.28,6.83,3.3,3.01,Near normal,Severe drought,Severe drought,Near normal,Severe drought,Near normal,Severe drought,Moderate drought,Near normal
,,,,,,,01/08/13,-0.67,-1.26,-0.68,-0.65,-1.72,-1.46,-1.16,0.12,0.82,19.63,6.52,5.83,26.49,4.23,13.42,2.06,8.46,71.27,3.55,5.78,5.87,3.65,2.2,3.73,6.96,3.56,0.82,Near normal,Moderate drought,Near normal,Near normal,Severe drought,Moderate drought,Moderate drought,Near normal,Near normal
,,,,,,,01/09/13,-0.74,-1.02,-0.85,-0.78,-1.38,-0.91,-0.79,0.47,0.64,8.93,4.76,8.89,28.94,7.37,16.19,2.84,4.9,28.55,4.11,6.29,6.51,3.82,2.62,4.2,6.93,3.2,0.01,Near normal,Moderate drought,Near normal,Near normal,Moderate drought,Near normal,Near normal,Near normal,Near normal
,,,,,,,01/10/13,-0.17,-0.5,0.05,-0.15,-0.35,0.65,-0.75,0.21,1.21,75.12,42.32,81.76,107.5,40.54,120.47,29.75,9.2,41.55,5.52,4.98,2.05,3.51,-0.46,1.74,2.75,4.35,3.28,Near normal,Near normal,Near normal,Near normal,Near normal,Near normal,Near normal,Near normal,Moderately wet
,,,,,,,01/11/13,0.03,-0.79,-0.31,-0.68,-0.35,0.55,-1.35,-0.51,0.79,67.99,64.41,76.56,99.16,59.31,92.41,27.27,7.98,57.04,4.71,6.57,3.91,1.37,-0.88,-0.14,6.7,4.26,3.32,Near normal,Near normal,Near normal,Near normal,Near normal,Near normal,Moderate drought,Near normal,Near normal
,,,,,,,01/12/13,0.61,0.14,0.78,-0.21,0.37,1.37,-0.6,-0.43,0.22,107.05,140.4,179.89,176.47,138.92,185.57,128.4,46.54,23.67,4.33,2.71,0.66,-1.78,-1.57,-4.91,3.38,2.24,1.87,Near normal,Near normal,Near normal,Near normal,Near normal,Moderately wet,Near normal,Near normal,Near normal
,,,,,,,01/01/14,0.26,-0.44,0.04,-1.16,-0.05,0.02,-0.79,-0.51,0.62,107.17,67.3,62.11,80.77,130.29,104.72,69.67,32.49,65.27,2.99,4.45,4.77,0.33,1.1,-0.09,6.25,2.41,1.27,Near normal,Near normal,Near normal,Moderate drought,Near normal,Near normal,Near normal,Near normal,Near normal
,,,,,,,01/02/14,0.3,-0.17,0.24,-1.09,-0.27,-0.39,0.04,-0.17,-0.1,114.28,145.19,126.47,90.2,65.53,79.96,181.96,54.99,16.56,2.65,2.84,2.62,3.28,0.98,1.07,-0.84,0.86,0.32,Near normal,Near normal,Near normal,Moderate drought,Near normal,Near normal,Near normal,Near normal,Near normal
,,,,,,,01/03/14,-0.33,-0.68,0.01,-0.89,0.26,-0.18,-0.12,-0.11,0.84,66.62,75.39,171.29,188.9,188.47,226.58,101.88,33.78,47.24,4.09,8.21,11.46,5.08,8.46,5.36,6.96,4.4,3.25,Near normal,Near normal,Near normal,Near normal,Near normal,Near normal,Near normal,Near normal,Near normal
,,,,,,,01/04/14,0.4,-0.48,0.16,-0.6,0.37,0.23,0.04,-0.47,-0.4,83.71,20.88,16.48,32.07,25.01,19.65,11.22,9.1,37.95,4.83,8.37,7.42,7.93,5.1,4.59,5.93,3.11,1.48,Near normal,Near normal,Near normal,Near normal,Near normal,Near normal,Near normal,Near normal,Near normal
,,,,,,,01/05/14,0.17,-0.68,-0.13,-0.35,0.92,0.61,-0.54,-0.49,0,13.59,9.59,3.07,9.99,2.26,2.6,6.09,19.5,26.43,2.63,6.54,7.03,5.94,3.25,3.96,5.96,1.66,1.3,Near normal,Near normal,Near normal,Near normal,Near normal,Near normal,Near normal,Near normal,Near normal
,,,,,,,01/06/14,0.45,-1.22,-1.46,-1.71,-0.65,-1.71,-1.28,-0.77,0.08,7.06,1.57,1.09,13.95,0.73,1.98,1.02,8.42,42.98,5.61,7.7,8.31,8.76,4.3,5.49,6.11,1.93,0.12,Near normal,Moderate drought,Moderate drought,Severe drought,Near normal,Severe drought,Moderate drought,Near normal,Near normal
,,,,,,,01/07/14,-0.75,-1.38,-2,-2.02,-0.98,-2.19,-1.16,-0.25,0.01,4.61,0.25,0.06,15.85,1.35,3.31,0.05,5.51,35.56,5.26,6.46,3.76,8.84,-0.42,2.53,3.51,3.05,-0.74,Near normal,Moderate drought,Extreme drought,Extreme drought,Near normal,Extreme drought,Moderate drought,Near normal,Near normal
,,,,,,,01/08/14,-0.55,-0.98,-1.05,-1.51,-0.76,-1.25,-0.37,-0.28,-0.17,23.98,20.99,14.7,20,2.75,9.81,18.21,17.17,28.55,6.51,7.46,8.42,11.63,4.38,7,5.77,4.22,2.82,Near normal,Near normal,Moderate drought,Severe drought,Near normal,Moderate drought,Near normal,Near normal,Near normal
,,,,,,,01/09/14,-0.21,-1.27,-1.54,-1.36,-1.52,-1.35,-1.13,-0.73,-0.52,43.17,10.35,11.24,28.59,2.96,11.76,2.59,7.11,23.54,6.78,7.65,6.75,11.14,3.01,6.12,4.74,3.33,3.94,Near normal,Moderate drought,Severe drought,Moderate drought,Severe drought,Moderate drought,Moderate drought,Near normal,Near normal
,,,,,,,01/10/14,-0.36,-1.73,-1.63,-1.31,-1.33,-1.22,-1.71,-1.57,-1.3,48.32,20.36,42.46,82.57,20.3,57.41,9.46,4.3,16.86,3.1,4.45,5.04,7.39,1.65,4.13,2.52,2.19,4.1,Near normal,Severe drought,Severe drought,Moderate drought,Moderate drought,Moderate drought,Severe drought,Severe drought,Moderate drought
,,,,,,,01/11/14,0.18,-0.25,-1.04,-1.38,-1.47,-1.05,-0.84,-0.67,-0.73,96.74,128.4,143.75,105.1,63.31,127.44,83.78,42.9,49.79,1.99,6.03,6.61,6.39,1.95,3.98,5.18,0.5,2.14,Near normal,Near normal,Moderate drought,Moderate drought,Moderate drought,Moderate drought,Near normal,Near normal,Near normal
,,,,,,,01/12/14,0.19,-0.13,-0.43,-1.17,-0.74,-0.34,-0.59,-0.88,-0.9,96,107.78,159.23,146.24,209.28,172.59,116.56,20.18,12.97,1.56,2.2,1.95,4.7,1.92,1.15,2.48,1.64,3.15,Near normal,Near normal,Near normal,Moderate drought,Near normal,Near normal,Near normal,Near normal,Near normal
,,,,,,,01/01/15,0.12,-0.11,-0.18,-1.21,-0.9,-0.35,-0.8,-0.98,-0.78,84.05,66.89,71.63,117.64,41.68,93.88,46.21,14.84,14.56,8.18,6.57,5.42,8.39,3.61,4.28,6.22,4.2,7.21,Near normal,Near normal,Near normal,Moderate drought,Near normal,Near normal,Near normal,Near normal,Near normal
,,,,,,,01/02/15,-0.51,-1.16,-1.12,-1.32,-1.01,-1.08,-1.59,-2.42,-1.51,64.34,46.28,43.06,112.62,63.01,82.73,25.24,6.05,18.19,8.35,8.33,7.49,10.02,7.31,6.99,8.28,4.6,6.72,Near normal,Moderate drought,Moderate drought,Moderate drought,Moderate drought,Moderate drought,Severe drought,Extreme drought,Severe drought
,,,,,,,01/03/15,-0.58,-1.07,-1.41,-1.41,-1.48,-1.49,-1.84,-1.23,-1.11,64.73,83.15,73.4,87.61,46.2,67.47,50.92,41.22,30.47,8.73,8.68,9.58,11.08,7.58,9.74,9.22,3.76,6.26,Near normal,Moderate drought,Moderate drought,Moderate drought,Moderate drought,Moderate drought,Severe drought,Moderate drought,Moderate drought
,,,,,,,01/04/15,0.05,-0.98,-1.31,-1.28,-1.33,-1.51,-1.66,-0.92,-0.83,64.61,28.29,38.75,59.04,28.82,45.3,27.2,19.38,14.53,6.36,8.68,7.76,10.53,4.1,7.82,9.51,4.38,6.18,Near normal,Near normal,Moderate drought,Moderate drought,Moderate drought,Severe drought,Severe drought,Near normal,Near normal
,,,,,,,01/05/15,0.08,-1.03,-1.03,-1.14,-1.45,-1.38,-1.56,-1.08,-1.19,11.54,4.05,1.2,8.9,1.64,7.17,0.57,1.04,15.07,6.36,9.5,11.02,11.35,8.3,10.01,10.87,4,4.07,Near normal,Moderate drought,Moderate drought,Moderate drought,Moderate drought,Moderate drought,Severe drought,Moderate drought,Moderate drought
,,,,,,,01/06/15,0.56,-0.93,-1.16,-1.49,-1.53,-1.37,-1.35,-0.77,0.03,31.37,28.77,5.24,8.46,1.35,3.56,20,33.88,70.83,6.57,8.28,9.51,11.94,6.75,9.06,9.6,3.91,1.79,Near normal,Near normal,Moderate drought,Moderate drought,Severe drought,Moderate drought,Moderate drought,Near normal,Near normal
,,,,,,,01/07/15,1.14,-0.5,-2.22,-0.36,-2.98,-2.2,-1.47,-0.46,0.78,70.96,22.85,8.83,57.94,3.12,15.22,4.69,14.66,53.61,4.97,5,6.19,10.57,4.36,6.96,3.99,1.67,0.4,Moderately wet,Near normal,Extreme drought,Near normal,Extreme drought,Extreme drought,Moderate drought,Near normal,Near normal
,,,,,,,01/08/15,1.38,-0.28,-2.72,-0.68,-2.82,-1.93,-1.91,0.07,0.86,34.44,3.99,1.42,11.48,1.61,6.26,1.74,9.66,33.87,6.42,6.01,4.63,12.54,3.51,7.82,4.58,2.91,2.47,Moderately wet,Near normal,Extreme drought,Near normal,Extreme drought,Severe drought,Severe drought,Near normal,Near normal
,,,,,,,01/09/15,1.13,-1.35,-0.31,-0.61,-1.09,-0.57,-1.59,-1.37,0.3,48.93,24.79,39,45.24,34.26,39.31,40.3,10.08,33.19,4.63,6.62,6.52,11.01,3.47,6.41,5.63,2.83,2.73,Moderately wet,Moderate drought,Near normal,Near normal,Moderate drought,Near normal,Severe drought,Moderate drought,Near normal
,,,,,,,01/10/15,-0.65,-2.58,-1.86,-3.33,-1.63,-1.77,-2.87,-3.02,-1,33.03,16.61,21.24,48.07,16.37,41.23,7.42,4.58,13.39,1.65,7.59,7.79,9.68,4.32,6.66,7.38,3.98,2.4,Near normal,Extreme drought,Severe drought,Extreme drought,Severe drought,Severe drought,Extreme drought,Extreme drought,Moderate drought
,,,,,,,01/11/15,-0.69,-2.42,-2.03,-3.57,-1.91,-2.3,-2.39,-2.52,-1.06,60.31,23.96,65.87,70.76,34.69,56.03,47.57,4.71,23.98,4.27,9.8,9.67,11.62,5.23,8.31,8.72,4.3,3.14,Near normal,Extreme drought,Extreme drought,Extreme drought,Severe drought,Extreme drought,Extreme drought,Extreme drought,Moderate drought
,,,,,,,01/12/15,-1.87,-3.32,-2.68,-3.43,-2.76,-2.77,-3.33,-3.08,-2.04,40.78,25.66,78.03,112.78,38.99,99.82,24.93,5.24,9.98,8.99,4.44,4.84,6.72,1.86,2.31,3.08,2.8,6.18,Severe drought,Extreme drought,Extreme drought,Extreme drought,Extreme drought,Extreme drought,Extreme drought,Extreme drought,Extreme drought
,,,,,,,01/01/16,-1.24,-2.38,-1.56,-3.24,-2.09,-2.1,-2.48,-1.62,-2.11,78.9,121.53,113.38,132.65,49.47,107.87,74.13,66.6,28.2,9.25,2.63,-1.7,8.09,1.79,2.85,0.94,4.88,6.78,Moderate drought,Extreme drought,Severe drought,Extreme drought,Extreme drought,Extreme drought,Extreme drought,Severe drought,Extreme drought
,,,,,,,01/02/16,-1.52,-2.12,-1.12,-2.04,-1.96,-1.68,-2.46,-2.66,-3.2,74.58,52.35,86.08,106.61,46,94.47,40.42,14.68,18.52,8.91,8.3,4.35,10.61,5.38,4.52,7.12,3.45,4.73,Severe drought,Extreme drought,Moderate drought,Extreme drought,Severe drought,Severe drought,Extreme drought,Extreme drought,Extreme drought
,,,,,,,01/03/16,-0.33,-1.4,-0.24,-1.29,-1.1,-0.92,-1.53,-1.13,-1.09,82.33,56.98,128.5,108.07,100.53,123.54,66.62,32.65,25.9,10.09,7.07,1.67,13.3,4.43,6.2,6.58,4.67,5.38,Near normal,Moderate drought,Near normal,Moderate drought,Moderate drought,Near normal,Severe drought,Moderate drought,Moderate drought
,,,,,,,01/04/16,-0.42,-1.5,-0.84,-1.57,-1.27,-1.36,-1.29,-1.45,-0.85,36.72,51.75,21.27,47.63,12.79,17.59,45.01,27.4,29.42,7.17,12.1,12.24,14.75,9.49,12.65,12.59,4.61,3.21,Near normal,Severe drought,Near normal,Severe drought,Moderate drought,Moderate drought,Moderate drought,Moderate drought,Near normal
,,,,,,,01/05/16,-0.24,-0.82,-0.05,-1.03,-0.9,-0.87,-0.49,-0.43,-0.63,28.76,40.42,23.33,39.51,12.59,17.66,31.11,27.9,20.32,8.26,6.04,4.13,12.61,2.95,6.67,4.8,3.31,3.97,Near normal,Near normal,Near normal,Moderate drought,Near normal,Near normal,Near normal,Near normal,Near normal
,,,,,,,01/06/16,-0.68,-0.47,-0.55,-1.48,-1.85,-1.98,-0.38,-0.41,-0.54,17.52,13.35,8.4,13.92,6.11,6.01,10.39,4.87,45.53,7.33,2.98,0.04,10.8,3.3,3.72,4.42,3.12,3.05,Near normal,Near normal,Near normal,Moderate drought,Severe drought,Severe drought,Near normal,Near normal,Near normal
,,,,,,,01/07/16,0.61,0.9,1.08,0.68,-0.94,-0.8,-0.31,0.09,0.11,52.79,49.5,23.93,62.04,12.36,28.63,22.28,11.52,46.42,7.72,5.45,3.87,10.66,4.86,5.77,5.75,3.48,2.38,Near normal,Near normal,Moderately wet,Near normal,Near normal,Near normal,Near normal,Near normal,Near normal
,,,,,,,01/08/16,0.35,0.25,0.13,0.37,-1.87,-2.04,-1.13,-1.35,0,19.51,5.55,0.55,25.8,0.52,3.11,0.41,7.36,26.07,5.12,3.54,-0.62,7.83,-0.01,2.01,3.78,4.85,3.05,Near normal,Near normal,Near normal,Near normal,Severe drought,Extreme drought,Moderate drought,Moderate drought,Near normal
,,,,,,,01/09/16,0.52,-0.04,-0.65,0.56,-2.04,-1.65,-1.46,-0.77,0.09,46.3,16.04,13.83,66.75,7.48,25.89,2.67,5.12,32.27,4.46,7.27,7.93,8.99,6.01,9.28,8.67,4.64,2.14,Near normal,Near normal,Near normal,Near normal,Extreme drought,Severe drought,Moderate drought,Near normal,Near normal
,,,,,,,01/10/16,-1.01,-1.34,-1.11,-0.76,-1.91,-1.83,-1.86,-1.62,-1,26.79,42.37,55.06,81.73,21.82,45.63,37.46,2.88,8.12,4.28,6.8,7.13,6.77,5.6,7.88,7.82,4.73,3.72,Moderate drought,Moderate drought,Moderate drought,Near normal,Severe drought,Severe drought,Severe drought,Severe drought,Near normal
,,,,,,,01/11/16,-0.8,-0.7,-0.43,-0.62,-1.76,-0.65,-1.82,-2.04,-1.31,61.93,107.78,127.69,134.63,52.97,121.52,61.86,6.29,8.1,8.44,8.18,5.4,6.06,4.44,5.67,7.6,5.92,6.34,Near normal,Near normal,Near normal,Near normal,Severe drought,Near normal,Severe drought,Extreme drought,Moderate drought
,,,,,,,01/12/16,-1.58,-0.97,-0.18,-1.43,-1.44,-0.69,-1.68,-2.83,-2.92,37.07,54.17,98.52,84,128.56,122.87,81.17,8.34,7.62,9.89,6.88,4.21,5.09,4.56,2.74,5.76,4.27,5.57,Severe drought,Near normal,Near normal,Moderate drought,Moderate drought,Near normal,Severe drought,Extreme drought,Extreme drought
,,,,,,,01/01/17,-0.85,-0.21,0.57,-1.07,-0.19,0.43,-0.18,-1.59,-2,98.73,126.92,214.35,124.8,142.3,137.69,177.81,73.53,32.98,5.67,2.12,3.35,2.69,5.35,2.76,4.59,3.42,4.19,Near normal,Near normal,Near normal,Moderate drought,Near normal,Near normal,Near normal,Severe drought,Severe drought
,,,,,,,01/02/17,-0.35,0.47,1.06,-0.16,0.37,0.39,0.93,-0.92,-2.01,122.92,177.23,157.58,193.57,126.27,162.92,181.43,63.41,15.45,5.69,2.92,2.49,5.52,-0.2,1.37,-2.08,2.37,4.87,Near normal,Near normal,Moderately wet,Near normal,Near normal,Near normal,Near normal,Near normal,Extreme drought
,,,,,,,01/03/17,-0.17,0.43,0.62,0.15,0.27,0.17,0.71,-0.65,-1.75,38.55,25.84,15.75,84.77,25.09,44.91,19.77,8.5,8.26,6.51,4.61,6.89,5.29,5.5,4.3,2.15,3.86,6.77,Near normal,Near normal,Near normal,Near normal,Near normal,Near normal,Near normal,Near normal,Severe drought
,,,,,,,01/04/17,-0.63,0.07,0.21,0.11,-0.07,-0.19,0.19,-1.26,-2.48,41.06,39.17,40.52,47.74,34.39,44.93,33.13,30.02,17.7,9.09,7.88,7.83,9.35,6.51,7.11,4.51,4.27,8.03,Near normal,Near normal,Near normal,Near normal,Near normal,Near normal,Near normal,Moderate drought,Extreme drought
,,,,,,,01/05/17,-1.1,-1.48,-0.84,-0.23,-0.6,-0.5,-1.23,-2.11,-2.8,38.35,15.2,31.26,90.65,20.78,41.8,8.59,2.18,6.99,6.17,4.5,5.54,3.47,5.03,4.16,4.2,2.94,6.41,Moderate drought,Moderate drought,Near normal,Near normal,Near normal,Near normal,Moderate drought,Extreme drought,Extreme drought
,,,,,,,01/06/17,-0.82,-1.13,-0.22,0.04,-0.17,0.32,-0.95,-1.35,-1.63,7.58,4.34,0.12,7.83,0.78,1.3,0.29,6.55,31.27,6.8,6.02,7.06,4.56,6.87,6.28,4.61,3.27,5.32,Near normal,Moderate drought,Near normal,Near normal,Near normal,Near normal,Near normal,Moderate drought,Severe drought
,,,,,,,01/07/17,-0.58,-1.74,-1.16,-0.08,-1.55,-0.66,-2.73,-2.18,-1.33,8.02,2.1,2.41,8.37,2.22,3.4,1.09,1.78,18.97,8.01,6.17,4.51,6.07,1.66,4.26,3.33,4.73,5.79,Near normal,Severe drought,Moderate drought,Near normal,Severe drought,Near normal,Extreme drought,Extreme drought,Moderate drought
,,,,,,,01/08/17,-0.27,-2.04,-5,-2.56,-3.11,-3.69,-3.76,-1.68,-0.55,35.03,2.09,0.75,30.45,2.49,9.45,0.52,1.69,27.79,7.76,6.58,4.76,7.8,1.98,5.42,3.39,4.86,6.39,Near normal,Extreme drought,Extreme drought,Extreme drought,Extreme drought,Extreme drought,Extreme drought,Severe drought,Near normal
,,,,,,,01/09/17,-0.38,-2.17,-3.59,-1.78,-2.38,-2.06,-3.08,-2.14,-0.89,24.92,9.9,10.84,38.13,7.24,28.54,5.97,2.56,12.55,7.59,7.02,5.64,7.49,2.41,5.73,3.54,4.73,6.99,Near normal,Extreme drought,Extreme drought,Severe drought,Extreme drought,Extreme drought,Extreme drought,Extreme drought,Near normal
,,,,,,,01/10/17,0.38,-0.82,-0.82,-0.8,-0.93,-1.09,-0.38,-1.27,-0.71,88.61,58.37,97.85,103.17,45.36,78.58,49.4,12.87,18.62,3.38,4.5,3.42,4.24,1.52,3.61,1.83,4.31,7.51,Near normal,Near normal,Near normal,Near normal,Near normal,Moderate drought,Near normal,Moderate drought,Near normal
,,,,,,,01/11/17,0.11,-1.24,-0.97,-0.73,-1.15,-0.7,-0.96,-1.2,-0.18,71.51,42.44,73.22,131.92,58.24,102.63,30.87,8.93,38.89,4.81,6.7,4.44,4.83,1.78,4.06,3.36,4.23,6.38,Near normal,Moderate drought,Near normal,Near normal,Moderate drought,Near normal,Near normal,Moderate drought,Near normal
,,,,,,,01/12/17,0.15,-0.9,-0.78,-0.22,-1.19,-0.25,-1.29,-0.91,-0.24,65.19,79.13,119.43,136,65.31,141.8,59.42,14.4,10.18,6.11,5.35,2.89,1.6,4.06,2.95,3.64,4.29,6.37,Near normal,Near normal,Near normal,Near normal,Moderate drought,Near normal,Moderate drought,Near normal,Near normal
,,,,,,,01/01/18,-0.17,-1,-1.07,-0.53,-1.57,-0.78,-1.72,-1.37,-0.67,83.12,86.13,52.15,106.71,20.95,58.62,45.28,22.12,24.9,8.28,7.43,6.53,4.98,7.98,6.71,6.42,4.43,6.09,Near normal,Near normal,Moderate drought,Near normal,Severe drought,Near normal,Severe drought,Moderate drought,Near normal
,,,,,,,01/02/18,-0.11,-0.68,-0.81,-0.56,-0.85,-0.81,-1.35,-1.64,-2.13,95,81.55,86.13,99,116.62,102.2,65.71,29.69,15.7,5.66,6.41,6.93,6.74,9.09,9.91,5.79,4.55,6.06,Near normal,Near normal,Near normal,Near normal,Near normal,Near normal,Moderate drought,Severe drought,Extreme drought
,,,,,,,01/03/18,0.3,-0.27,-0.26,-0.21,-0.58,-0.58,-0.6,-1,-0.82,99.87,136.14,165.13,146.84,45.19,115.65,110.85,22.86,30.15,3.92,5.94,8.19,6.68,7.9,10.62,7.67,5.15,6.2,Near normal,Near normal,Near normal,Near normal,Near normal,Near normal,Near normal,Moderate drought,Near normal
,,,,,,,01/04/18,0.18,-0.04,0.03,0.01,-0.15,0.02,0.13,-0.65,-0.86,52.56,72.15,41.56,62.14,24.45,40.88,41.81,52.55,19.69,2.92,4.34,8.08,6.47,7.63,9.15,6.53,3.56,5.45,Near normal,Near normal,Near normal,Near normal,Near normal,Near normal,Near normal,Near normal,Near normal
,,,,,,,01/05/18,0.05,0.24,0.28,0.63,-0.81,0.3,0.37,-0.36,-0.49,19.19,22.26,20.06,57.95,21.09,28.01,12.58,13.19,31.97,4.12,4.47,8.24,6.74,7.01,8.52,6.12,3.56,5.77,Near normal,Near normal,Near normal,Near normal,Near normal,Near normal,Near normal,Near normal,Near normal
,,,,,,,01/06/18,-0.55,-0.51,-0.68,-0.33,-1.1,-0.47,0.06,-0.4,-0.99,7.03,0.34,0.11,6.73,0.78,1.54,0.07,3.23,36.49,7.57,6.26,8.42,8.46,6.81,8.74,6.72,5.86,8.06,Near normal,Near normal,Near normal,Near normal,Moderate drought,Near normal,Near normal,Near normal,Near normal
,,,,,,,01/07/18,-0.64,-1.12,-1,-0.26,-1.3,-0.58,-1.14,-1.44,-1.07,17.37,10.45,8.84,9.6,6.1,5.01,12.51,9.12,29.56,8.73,6.16,5.68,9.53,3.16,5.38,6.17,6.42,7.35,Near normal,Moderate drought,Near normal,Near normal,Moderate drought,Near normal,Moderate drought,Moderate drought,Moderate drought
,,,,,,,01/08/18,-0.13,-0.69,-4.2,-0.62,-2.71,-1.65,-1.9,-0.99,-0.68,32.44,24.79,5.27,49.65,5.35,16.41,4.35,3.85,29.83,5.63,4.73,6.88,8.9,4.94,7.83,5.59,5.09,6.3,Near normal,Near normal,Extreme drought,Near normal,Extreme drought,Severe drought,Severe drought,Near normal,Near normal
,,,,,,,01/09/18,0.54,-0.05,-1.9,0.03,-2.52,-0.89,-0.85,0.05,0.22,49.87,12.71,8.31,55.74,5.69,18.69,5.31,8.26,44.02,3.53,5.24,7.54,7.59,5.21,7.69,5.67,4.75,4.94,Near normal,Near normal,Severe drought,Near normal,Extreme drought,Near normal,Near normal,Near normal,Near normal
,,,,,,,01/10/18,-0.09,-0.62,-1.29,-0.19,-1.74,-0.81,-1.36,-0.84,-0.42,26.63,25.52,46.28,71.6,13.33,61.33,17.05,6.87,12.66,6.52,6.21,7.76,7.59,5.55,7.9,3.95,2.79,7.31,Near normal,Near normal,Moderate drought,Near normal,Severe drought,Near normal,Moderate drought,Near normal,Near normal
,,,,,,,01/11/18,-0.99,-1.6,-1.81,-1.46,-1.82,-1.38,-2.07,-1.78,-0.82,34.54,18.22,41.38,61.75,40.22,64.47,13.87,2.62,16.34,7.36,5.76,3.33,5.34,2.58,2.94,4.43,4.27,7.21,Near normal,Severe drought,Severe drought,Moderate drought,Severe drought,Moderate drought,Extreme drought,Severe drought,Near normal
,,,,,,,01/12/18,-2.17,-2.26,-1.68,-1.75,-1.7,-1.58,-2.4,-2.82,-2.2,48.57,50.41,128.51,129.1,86.43,114.36,70.26,6.13,16.29,9.8,5.6,2.79,5.38,2.05,1.1,4.3,4.56,7.6,Extreme drought,Extreme drought,Severe drought,Severe drought,Severe drought,Severe drought,Extreme drought,Extreme drought,Extreme drought
,,,,,,,01/01/19,-1.89,-2.1,-1.34,-2.04,-1.12,-1.45,-2.57,-2.36,-1.34,53.58,46.52,110.48,99.07,80.08,127.61,50.1,7.77,10.02,10.46,3.7,-1.22,7.09,1.56,0.22,4.31,2.66,5.67,Severe drought,Extreme drought,Moderate drought,Extreme drought,Moderate drought,Moderate drought,Extreme drought,Extreme drought,Moderate drought
,,,,,,,01/02/19,-1.65,-1.03,-0.01,-0.74,-0.55,-0.69,-1.51,-2.37,-1.89,98.19,108.49,116.26,151.99,119.91,136.22,65.73,27.51,21.81,6.7,3.24,-0.74,6.88,1.5,4.31,2.54,2.55,6.18,Severe drought,Moderate drought,Near normal,Near normal,Near normal,Near normal,Severe drought,Extreme drought,Severe drought
,,,,,,,01/03/19,-0.75,-0.49,-0.48,-0.4,-0.69,-0.77,-1.37,-1.98,-1.03,82.45,57.09,36.95,104.25,18.52,52.67,23.03,11.45,30.06,8.12,5.43,0.07,7.81,2.09,4.48,5.3,4.7,6.87,Near normal,Near normal,Near normal,Near normal,Near normal,Near normal,Moderate drought,Severe drought,Moderate drought
,,,,,,,01/04/19,-0.01,0.79,0.48,0.96,-0.8,-0.34,0.11,-1.58,-1.1,92.4,130.22,79.7,105.2,30.45,62.7,104.41,27.17,19.22,6.65,3.52,3.77,4.53,5.1,5.62,4,6.05,8.08,Near normal,Near normal,Near normal,Near normal,Near normal,Near normal,Near normal,Severe drought,Moderate drought
,,,,,,,01/05/19,0.07,0.37,-0.2,0.52,-1.43,-0.97,-0.22,-2.12,-1.11,22.92,12.84,1.46,12.62,1.28,2.68,2.36,6.4,20.25,5.29,3.15,2.48,5.79,0.84,4.11,4,6,8.18,Near normal,Near normal,Near normal,Near normal,Moderate drought,Near normal,Near normal,Extreme drought,Moderate drought
,,,,,,,01/06/19,-0.15,0.51,0.7,0.47,-1.01,-0.42,0.4,-1.8,-1.3,6.05,0.6,0.05,8.61,1.49,2.92,0.12,2.6,26.27,7.15,3.84,3.45,7.1,0.51,3.11,4.43,6.25,8.16,Near normal,Near normal,Near normal,Near normal,Moderate drought,Near normal,Near normal,Severe drought,Moderate drought
,,,,,,,01/07/19,-1.22,-2.14,-2.61,-3.06,-2.9,-2.88,-3.39,-2.8,-0.95,7.69,0.92,0.04,6.12,0.41,1.21,0.04,5.81,37.25,7.79,3.45,2.3,8.56,0.15,3.23,2.76,5.89,8.27,Moderate drought,Extreme drought,Extreme drought,Extreme drought,Extreme drought,Extreme drought,Extreme drought,Extreme drought,Near normal
,,,,,,,01/08/19,-2.13,-3.03,-4.48,-3.62,-3.72,-4.5,-4.99,-2.62,-1.27,6.71,1.69,0.28,22.43,1.63,5.6,0.31,0.55,8.43,1.2,-3.69,-9.1,8.59,-6.65,-0.52,-1.1,4.72,6.63,Extreme drought,Extreme drought,Extreme drought,Extreme drought,Extreme drought,Extreme drought,Extreme drought,Extreme drought,Moderate drought
,,,,,,,01/09/19,-1.87,-3.36,-4.4,-2.63,-2.56,-2.32,-4.62,-2.56,-1.39,25.07,3.18,6.97,30.88,4.59,18.77,2.27,2.95,24.5,9.43,1.49,-0.58,10.72,0.93,4.3,1.27,6.75,9.53,Severe drought,Extreme drought,Extreme drought,Extreme drought,Extreme drought,Extreme drought,Extreme drought,Extreme drought,Moderate drought
,,,,,,,01/10/19,-2.38,-2.82,-2.72,-3.16,-2.24,-2.41,-3.01,-2.68,-1.62,21.49,3.95,13.77,60.04,13.81,34.37,3.18,2.32,20.76,7.3,0.68,-1.15,5.27,-0.51,-3.98,2.93,7.33,10.82,Extreme drought,Extreme drought,Extreme drought,Extreme drought,Extreme drought,Extreme drought,Extreme drought,Extreme drought,Severe drought
,,,,,,,01/11/19,-2.53,-2.61,-2.02,-2.27,-1.5,-1.75,-2.67,-2.85,-1.52,37.17,42.17,138.94,147.11,70.25,113.92,67.24,3.18,12.97,9.77,3.77,-0.8,5.41,0.06,-1.1,1.71,6.63,10.34,Extreme drought,Extreme drought,Extreme drought,Extreme drought,Moderate drought,Severe drought,Extreme drought,Extreme drought,Severe drought
,,,,,,,01/12/19,-2.1,-1.79,-0.98,-1.7,-1.44,-1.19,-1.16,-1.92,-1.12,69.85,114.84,180.67,127.18,113.33,150.44,142.12,21.64,12.37,5.5,1.47,-0.43,6.21,-2.05,-2.12,2.3,5.36,8.09,Extreme drought,Severe drought,Near normal,Severe drought,Moderate drought,Moderate drought,Moderate drought,Severe drought,Moderate drought
,,,,,,,01/01/20,-0.91,-0.96,0.11,-1.27,-0.39,-0.52,-0.35,-1.64,-0.7,116.81,89.46,117.37,131.59,106.68,158.1,83.04,25.18,50.2,9.79,4.21,2.35,8.25,0.55,0.59,0.05,1.12,2.9,Near normal,Near normal,Near normal,Moderate drought,Near normal,Near normal,Near normal,Severe drought,Near normal
,,,,,,,01/02/20,0.2,0.01,0.33,-0.55,-0.07,-0.22,0.35,-1.17,-0.91,138.51,118.82,75.72,159.35,144.76,147.47,62.17,50.12,18.3,5.93,3.64,4.87,7.58,0.49,3.42,2.15,5.39,8.3,Near normal,Near normal,Near normal,Near normal,Near normal,Near normal,Near normal,Moderate drought,Near normal
,,,,,,,01/03/20,0.57,0,-0.36,-0.7,-0.11,-0.78,-0.04,-1.06,-0.88,94.33,81.08,67.43,57.93,19.67,59.44,63.54,28.56,16.12,8.61,6.43,6.61,11.55,1.44,7.87,4.78,5.63,6.78,Near normal,Near normal,Near normal,Near normal,Near normal,Near normal,Near normal,Moderate drought,Near normal
,,,,,,,01/04/20,0.45,0.59,0.23,0.3,-0.12,-0.33,0.23,-0.96,-1.7,75.72,89.68,94.01,114.64,31.86,83.61,68.23,21.03,17.93,7.82,6.46,6.05,12.72,2.84,5.32,5.04,5.93,9.01,Near normal,Near normal,Near normal,Near normal,Near normal,Near normal,Near normal,Near normal,Severe drought
,,,,,,,01/05/20,0.03,0.28,0.36,-0.13,-0.74,-0.51,-0.02,-1.43,-1.53,5.17,0.25,0.04,8.08,1.15,1.5,0.02,1.06,17.85,6.76,4.33,4.96,11.35,2.85,7.5,3.61,6.69,8.93,Near normal,Near normal,Near normal,Near normal,Near normal,Near normal,Near normal,Moderate drought,Severe drought
,,,,,,,01/06/20,-0.4,0.09,0.62,0.49,-0.26,0.11,-0.2,-1.34,-1.03,2.58,6.07,8.55,23.89,2.77,10.81,9.94,5.5,31.62,7.23,3.35,2.11,10.14,-1.42,4.18,2.9,5.08,7.23,Near normal,Near normal,Near normal,Near normal,Near normal,Near normal,Near normal,Moderate drought,Moderate drought
,,,,,,,01/07/20,-1.36,-1.36,-0.98,-0.91,-1.16,-0.86,-1.01,-1.61,-0.65,3.95,1.45,0.25,8.02,2.42,2.95,0.1,8.13,41.47,3.99,0.63,-2.58,10.16,-3.57,2.46,3.17,9.73,9.9,Moderate drought,Moderate drought,Near normal,Near normal,Moderate drought,Near normal,Moderate drought,Severe drought,Near normal